FrameworkName,D_is,D_fs,D_isfs,ASA_m^2/cm^3,ASA_m^2/g,NASA_m^2/cm^3,NASA_m^2/g,Unitcell_volume,Density,AV_Volume_fraction,AV_cm^3/g,NAV_Volume_fraction,NAV_cm^3/g,n_pockets
MUVHER,5.24679,3.7317,5.14532,1798.49,1841.51,0.0,0.0,2142.19,0.97664,0.073285,0.0750379,0.0,0.0,0
LACJAC,4.56325,3.36486,4.5484,985.713,619.328,0.0,0.0,1588.51,1.59158,0.03539,0.0222357,0.0,0.0,0
ZNGLUD,3.19455,2.66271,3.17912,0.0,0.0,252.196,152.473,845.325,1.65404,0.0,0.0,0.00183,0.00110638,4
AMUCOB,4.03894,3.31743,4.03894,346.656,217.564,0.0,0.0,1064.12,1.59335,0.00794,0.00498322,0.0,0.0,0
MIL-88C-open,13.75037,10.89185,13.75037,2126.37,4181.32,0.0,0.0,5708.15,0.50854,0.495,0.973376,0.0,0.0,0
LEGGEK,4.38053,3.59011,4.38053,897.982,594.084,77.4052,51.2094,947.001,1.51154,0.02489,0.0164666,0.00079,0.000522645,2
KIYMIQ,7.09051,6.95471,7.08404,1409.08,1357.62,0.0,0.0,2497.36,1.0379,0.1319,0.127083,0.0,0.0,0
PORVUO,4.67792,3.97904,4.67792,1862.57,1756.55,0.0,0.0,1527.9,1.06036,0.08084,0.0762382,0.0,0.0,0
ICAGAU,4.83585,2.54228,4.82605,0.0,0.0,1300.56,642.592,1315.68,2.02392,0.0,0.0,0.045075,0.0222711,4
RAXCOK,7.52711,4.95619,7.52711,2589.52,3424.12,0.0,0.0,5760.86,0.75626,0.299845,0.396484,0.0,0.0,0
FUNBIA,7.93212,6.3165,7.93212,1673.04,1681.58,0.0,0.0,2902.39,0.99492,0.170665,0.171536,0.0,0.0,0
SAHYOQ05,15.11706,7.90748,15.11706,2199.64,3731.28,0.0,0.0,4337.33,0.589515,0.50479,0.856281,0.0,0.0,0
IBICIH,9.99905,9.84285,9.99905,1181.16,1105.45,0.0,0.0,2872.87,1.06849,0.198775,0.186033,0.0,0.0,0
KEFBEE,11.08232,7.03728,11.08232,2442.29,3458.75,0.0,0.0,3393.55,0.706119,0.401435,0.568509,0.0,0.0,0
SENWEP,5.93538,3.31524,5.93538,2377.99,1918.4,0.0,0.0,2807.34,1.23957,0.110525,0.0891642,0.0,0.0,0
RIPNIP,5.40468,4.16072,5.00429,1705.61,1101.48,0.0,0.0,2586.27,1.54847,0.09444,0.0609891,0.0,0.0,0
PEGBAG,4.42914,3.59275,4.41193,963.115,673.211,0.0,0.0,2243.16,1.43063,0.02735,0.0191175,0.0,0.0,0
ZERQOE,4.4965,4.02903,4.49472,621.728,397.181,0.0,0.0,1461.18,1.56535,0.022945,0.014658,0.0,0.0,0
VACFUB01,8.53124,8.3704,8.53124,1189.69,1006.58,0.0,0.0,1304.91,1.18192,0.16919,0.143149,0.0,0.0,0
ITETEH,3.58044,2.59038,3.57962,0.0,0.0,747.475,478.37,707.553,1.56255,0.0,0.0,0.010985,0.00703018,3
PEYPIU,4.73554,3.50341,4.73554,1187.45,840.133,0.0,0.0,1652.35,1.41341,0.047655,0.0337164,0.0,0.0,0
BERFIP,4.07847,2.71437,4.07847,0.0,0.0,478.148,244.748,1041.11,1.95363,0.0,0.0,0.009725,0.00497791,4
HIFTOG,7.95891,4.14066,7.95891,2441.96,2094.63,3.44024,2.95092,4386.48,1.16582,0.14026,0.12031,1.5e-05,1.28665e-05,2
NAZBAT,6.89006,4.61969,6.89006,2218.2,2147.72,0.0,0.0,3493.18,1.03282,0.155145,0.150215,0.0,0.0,0
IBICUT,10.14615,10.01365,10.14615,1171.36,1096.32,0.0,0.0,2872.99,1.06845,0.20148,0.188573,0.0,0.0,0
BIYTEJ,6.55677,6.40414,6.53551,1341.67,968.051,0.0,0.0,2009.55,1.38595,0.11474,0.0827879,0.0,0.0,1
FEFDEB,13.1087,11.60778,13.1087,2197.78,4075.4,0.0,0.0,2227.43,0.53928,0.452375,0.83885,0.0,0.0,0
BUKMUQ,5.78794,5.06217,5.71305,3071.27,3607.26,0.0,0.0,1798.16,0.851411,0.24747,0.290659,0.0,0.0,0
FECWOB,4.21201,3.09318,4.21122,973.931,617.082,0.0,0.0,2134.0,1.57828,0.021615,0.0136953,0.0,0.0,0
YUKBIP01,5.75762,4.94698,5.75762,829.977,538.166,0.0,0.0,1447.02,1.54223,0.051115,0.0331435,0.0,0.0,0
LAWGOG,15.0805,7.93827,15.0805,2232.68,3787.88,0.0,0.0,4337.97,0.589428,0.50176,0.851266,0.0,0.0,0
UWUTIQ,6.1259,4.66623,5.97328,2365.74,2343.71,0.0,0.0,4548.95,1.0094,0.14253,0.141203,0.0,0.0,0
PEGBEK02,4.27091,3.47487,4.26464,988.865,696.544,0.0,0.0,2260.47,1.41967,0.02967,0.0208992,0.0,0.0,0
CUYQIX,3.73047,3.14077,3.73047,757.553,578.445,0.0,0.0,1368.23,1.30964,0.012275,0.00937283,0.0,0.0,0
HEDCEA,4.7556,2.92557,4.72634,829.017,650.08,0.907563,0.711673,4163.64,1.27525,0.02784,0.0218309,0.0,0.0,8
DUBWON,5.41735,4.7264,5.40719,2249.96,1767.59,0.0,0.0,1851.94,1.2729,0.136155,0.106965,0.0,0.0,0
OYODEM,8.98325,5.22908,8.92063,1318.17,1288.24,0.0,0.0,5720.29,1.02323,0.13712,0.134006,0.0,0.0,0
SETQOZ,7.78625,7.21199,7.78625,2049.86,2071.13,0.0,0.0,1583.54,0.989732,0.227445,0.229805,0.0,0.0,0
MUWQEB,15.66484,9.57746,15.5128,1332.14,1842.62,539.557,746.316,6669.62,0.72296,0.348235,0.48168,0.062095,0.08589,1
AZIXUD,5.99991,4.88169,5.99991,2298.27,2080.58,0.0,0.0,3024.67,1.10463,0.16174,0.14642,0.0,0.0,0
NIKYUC02,5.06856,3.78234,5.06856,1328.16,793.862,0.0,0.0,1737.48,1.67303,0.05798,0.0346557,0.0,0.0,0
KAFTUI,5.18489,3.11952,5.15884,867.425,571.214,0.0,0.0,3202.32,1.51856,0.028965,0.0190739,0.0,0.0,0
DAXHIV01,7.67683,6.96811,7.67683,2440.55,2763.82,0.0,0.0,1677.55,0.883035,0.245595,0.278126,0.0,0.0,0
PIXPET,4.77527,3.75921,4.77527,1381.81,1210.74,0.0,0.0,1495.31,1.1413,0.0658,0.0576536,0.0,0.0,0
RATCUL03,4.74713,3.7831,4.74598,1223.58,708.087,0.0,0.0,1682.2,1.72801,0.04869,0.0281769,0.0,0.0,0
OSAVUA,5.76863,5.59566,5.76863,2348.29,2655.5,0.0,0.0,887.029,0.884314,0.16495,0.186529,0.0,0.0,0
IFENOY02,7.27251,5.76002,7.27251,694.181,524.38,0.0,0.0,1849.87,1.32381,0.05531,0.0417808,0.0,0.0,0
BICDAU,11.50132,6.68644,11.17198,2447.0,3747.37,0.0,0.0,5236.58,0.65299,0.448095,0.68622,0.0,0.0,0
EHALOP,7.55323,7.08668,7.55323,1981.77,2106.02,0.0,0.0,734.462,0.941006,0.207755,0.22078,0.0,0.0,0
QIFLIC,5.58661,2.79398,5.58661,0.0,0.0,870.96,580.276,2040.27,1.50094,0.0,0.0,0.037885,0.0252408,7
QOVWOO,2.96169,2.73853,2.95687,0.0,0.0,22.2796,13.0154,1938.87,1.71178,0.0,0.0,3e-05,1.75256e-05,22
KANCIN,4.67742,4.02213,4.66035,1532.13,1290.54,0.0,0.0,1933.85,1.1872,0.05392,0.0454179,0.0,0.0,0
IRMOF-6,15.03161,6.71406,15.03161,2351.51,3602.34,0.0,0.0,4314.43,0.652773,0.437155,0.669689,0.0,0.0,0
CAXWEF,11.4836,10.80822,11.4836,1685.75,1472.91,0.0,0.0,1330.98,1.14451,0.332745,0.290732,0.0,0.0,0
OFERUN02,11.42938,3.12691,11.42938,1654.45,1795.33,0.0,0.0,2458.76,0.92153,0.221715,0.240594,0.0,0.0,0
ZIF-8,11.38754,3.42716,11.3792,1748.76,1891.53,0.0,0.0,4905.2,0.924526,0.227035,0.245569,0.0,0.0,0
IGOCOX,12.1641,2.56229,12.1641,0.0,0.0,1797.21,1465.16,2553.52,1.22663,0.0,0.0,0.24815,0.202302,2
PEVPUD,14.95522,7.91451,14.95522,2200.91,3699.34,0.0,0.0,4263.97,0.594947,0.51059,0.85821,0.0,0.0,0
FUWXOL,4.76594,4.4337,4.73028,1609.15,1078.45,0.0,0.0,1186.44,1.4921,0.0811,0.0543531,0.0,0.0,0
PUQYAC,5.36415,5.07421,5.36415,872.941,581.853,0.0,0.0,3025.78,1.50028,0.040025,0.0266784,0.0,0.0,0
HELCUY,3.75849,2.60112,3.74903,0.0,0.0,300.496,155.017,1842.47,1.93847,0.0,0.0,0.005715,0.0029482,2
LOQLIN,14.25816,13.92601,14.25816,1572.88,1655.62,0.0,0.0,2620.14,0.950024,0.32053,0.337392,0.0,0.0,0
IRMOF-1,15.06638,7.91582,15.06638,2210.49,3725.51,0.0,0.0,4309.37,0.593339,0.501695,0.845545,0.0,0.0,0
GOMREG,5.3838,3.6396,5.37584,1192.77,687.78,0.0,0.0,1401.24,1.73424,0.063295,0.0364973,0.0,0.0,0
TESHAB,5.24315,3.84947,5.24293,1336.68,736.706,0.0,0.0,1706.93,1.8144,0.05972,0.0329144,0.0,0.0,0
LIBJAJ,3.31921,2.8984,3.31793,458.62,363.249,0.0,0.0,1106.06,1.26255,0.004065,0.00321968,0.0,0.0,0
YARGAB,10.70302,9.67182,10.70302,1524.87,1586.47,5.61714,5.84405,3472.09,0.961173,0.267055,0.277843,2.5e-05,2.60099e-05,2
WIJDAV,6.7427,5.50308,6.71088,1548.45,1070.02,0.0,0.0,2783.65,1.44712,0.147925,0.102221,0.0,0.0,0
ZnBDCdabco,9.35639,7.5759,9.11637,2281.85,2760.93,0.0,0.0,1147.61,0.82648,0.28044,0.339319,0.0,0.0,0
NIHBIQ01,5.30133,3.89271,5.30133,1372.52,829.336,0.0,0.0,1756.45,1.65496,0.0626,0.0378256,0.0,0.0,0
SADMOB,6.05305,5.8544,6.05305,1803.1,1608.2,0.0,0.0,698.94,1.12119,0.14433,0.12873,0.0,0.0,0
XIMPOA,3.66828,2.99963,3.64614,393.649,270.628,0.0,0.0,3815.13,1.45457,0.006675,0.00458897,0.0,0.0,0
MAPFIS,5.59771,4.30891,5.5706,1908.24,1788.49,0.0,0.0,3287.7,1.06696,0.10473,0.0981575,0.0,0.0,0
CAXWAB,11.48359,10.74561,11.48359,1693.66,1479.1,0.0,0.0,1330.34,1.14506,0.331675,0.289657,0.0,0.0,0
FIVYUF,4.68091,3.50866,4.67789,805.741,568.833,0.0,0.0,2799.77,1.41648,0.025805,0.0182177,0.0,0.0,0
FAYKOH,9.05094,5.94395,8.47293,2642.82,3165.55,0.0,0.0,4034.39,0.834868,0.28679,0.343515,0.0,0.0,0
AHINIP,5.10577,2.92366,4.88107,756.484,602.093,0.0,0.0,3044.76,1.25642,0.02206,0.0175578,0.0,0.0,0
IFENOY,7.29661,5.78947,7.29661,673.714,499.271,0.0,0.0,1819.76,1.34939,0.05444,0.040344,0.0,0.0,0
YUWHOO,2.93097,2.50635,2.93091,0.0,0.0,9.97826,5.93392,1202.66,1.68156,0.0,0.0,3.5e-05,2.0814e-05,2
SENWOZ,8.93321,7.13554,8.85614,2431.22,3271.88,0.0,0.0,3020.42,0.743064,0.43932,0.591227,0.0,0.0,0
ZESFUY,9.58879,8.12099,9.5611,1906.94,2202.6,0.0,0.0,997.05,0.865768,0.26717,0.308593,0.0,0.0,0
FAGREM,7.38233,6.89343,7.38233,1638.04,1117.93,0.0,0.0,3217.67,1.46524,0.173095,0.118134,0.0,0.0,0
AXUBAW,14.24572,5.52422,14.23389,1961.96,2645.14,0.0,0.0,4200.96,0.741721,0.33484,0.451437,0.0,0.0,0
MULQOA,5.82935,5.12372,5.82935,2326.88,1800.94,0.0,0.0,2674.94,1.29204,0.18912,0.146374,0.0,0.0,0
XEXLIX,7.04809,6.65056,7.03557,1453.07,1170.89,0.0,0.0,2278.31,1.241,0.13507,0.10884,0.0,0.0,0
SABVUN,7.01989,6.78077,7.01989,1898.58,1939.36,0.0,0.0,705.979,0.978971,0.184455,0.188417,0.0,0.0,0
NIKZAJ01,4.60883,3.61537,4.60883,1100.98,612.891,0.0,0.0,1618.18,1.79637,0.038375,0.0213625,0.0,0.0,0
IBICON,10.09823,9.93983,10.09823,1147.23,937.566,0.0,0.0,2870.57,1.22363,0.194865,0.159252,0.0,0.0,0
RIYDEJ,3.64809,2.52152,3.64229,0.0,0.0,408.361,314.467,1530.36,1.29858,0.0,0.0,0.005345,0.00411603,8
YECQUS02,4.04228,3.54341,4.04176,981.329,443.427,0.0,0.0,1925.19,2.21305,0.02468,0.011152,0.0,0.0,0
QOMDUS,5.73732,4.27265,5.65548,1652.63,1053.08,0.0,0.0,864.678,1.56934,0.09815,0.0625423,0.0,0.0,0
PARHAS,6.90619,6.37667,6.76731,2631.91,3769.73,0.0,0.0,1752.46,0.69817,0.23677,0.33913,0.0,0.0,0
TEBSAW,5.155,3.9441,5.14164,1865.4,1522.67,0.0,0.0,2510.7,1.22508,0.079155,0.0646118,0.0,0.0,0
WEMNAF,4.6267,3.86158,4.6267,1283.25,904.777,17.9895,12.6838,1249.15,1.41831,0.05081,0.0358243,2e-05,1.41013e-05,2
KANDEK,4.89293,3.30398,4.89293,969.146,710.568,51.8132,37.9889,1770.91,1.3639,0.03853,0.0282498,0.00049,0.000359263,1
TECTUS,5.15619,3.5989,5.14062,1664.18,1478.88,0.0,0.0,1577.38,1.12529,0.07951,0.0706572,0.0,0.0,0
XUNJEW,7.72147,4.21232,7.45914,1685.63,1250.09,0.0,0.0,5132.25,1.34841,0.12327,0.091419,0.0,0.0,0
AMIMEP,11.21563,10.87494,11.21563,1423.96,1444.2,5.8464,5.92952,4711.05,0.985981,0.2429,0.246354,3.5e-05,3.54976e-05,4
LAWGEW,15.06245,7.93691,15.06245,2232.99,3773.96,0.0,0.0,4321.43,0.591684,0.50171,0.847935,0.0,0.0,0
ULUVUT,5.1427,4.75944,5.13746,2423.52,2108.87,0.0,0.0,674.83,1.14921,0.13543,0.117847,0.0,0.0,0
XOHLEM01,5.52611,4.54089,5.51535,2609.62,1948.93,0.0,0.0,1715.83,1.339,0.133855,0.0999663,0.0,0.0,0
ZEDHIB,4.96253,3.33867,4.45559,1272.59,927.427,0.0,0.0,3599.71,1.37217,0.04588,0.0334361,0.0,0.0,0
REGQUR,6.3736,5.47534,6.06532,2740.69,2654.19,0.0,0.0,5377.89,1.03259,0.232065,0.224741,0.0,0.0,0
WENDIE,4.91533,3.83478,4.91533,1393.01,988.169,0.0,0.0,1194.61,1.40969,0.062555,0.0443751,0.0,0.0,0
FEFCUQ,8.87571,6.35025,8.74283,2275.01,2924.33,0.0,0.0,3275.98,0.77796,0.287435,0.369473,0.0,0.0,0
DAXGUG,4.36758,2.49532,4.36758,0.0,0.0,1317.57,1058.75,973.018,1.24446,0.0,0.0,0.04554,0.0365943,1
XILDUT,5.33112,3.97403,5.33043,1690.32,1274.96,0.0,0.0,2816.83,1.32579,0.10141,0.0764905,0.0,0.0,0
QUFFED,3.5402,2.92014,3.47345,342.709,222.19,13.4119,8.69538,1397.97,1.54242,0.00375,0.00243125,2.5e-05,1.62083e-05,2
XAJQAC,8.58743,7.41664,8.58347,2443.05,2760.25,0.0,0.0,3528.22,0.885082,0.223605,0.252638,0.0,0.0,0
NIHBEM,4.82471,3.66332,4.81898,1156.24,655.492,0.0,0.0,1647.94,1.76393,0.043785,0.0248224,0.0,0.0,0
ATAFIK,6.40025,5.70377,6.3929,2479.52,2040.63,0.0,0.0,4164.32,1.21508,0.20286,0.166952,0.0,0.0,0
CUNXIS,4.73091,2.77205,4.5381,0.0,0.0,1062.75,557.905,1331.49,1.90489,0.0,0.0,0.037685,0.0197833,2
NISCOJ,4.58385,2.97979,4.55532,1031.11,868.208,0.0,0.0,2784.26,1.18763,0.03184,0.0268098,0.0,0.0,0
IXUREZ,5.49131,3.77257,5.49131,1865.01,1594.86,0.0,0.0,3664.92,1.16939,0.0922,0.0788446,0.0,0.0,0
OJIWIO,4.64307,3.99735,4.61496,1172.08,878.791,0.0,0.0,2189.73,1.33375,0.047815,0.0358502,0.0,0.0,0
YAXBOP,6.02704,5.79348,6.02704,1817.26,1615.1,0.0,0.0,696.466,1.12517,0.143085,0.127168,0.0,0.0,0
OGAGAF,4.92581,3.9125,4.92581,1175.56,836.419,0.0,0.0,2311.03,1.40546,0.054115,0.0385033,0.0,0.0,0
BEPPAP,9.9082,9.78954,9.90791,1273.25,1234.1,0.0,0.0,2704.32,1.03173,0.206645,0.20029,0.0,0.0,0
BEGBOG,4.23611,2.57051,4.10647,0.0,0.0,778.192,797.313,1361.91,0.976018,0.0,0.0,0.017265,0.0176892,8
NIKYOW,4.56807,3.54686,4.56807,1065.84,591.406,0.0,0.0,1612.94,1.80221,0.03601,0.0199811,0.0,0.0,0
GUYLOC,6.83776,5.60205,6.83653,2031.02,1903.11,0.0,0.0,2463.11,1.06721,0.16538,0.154965,0.0,0.0,0
POJTUE,2.98206,2.71894,2.98206,0.0,0.0,30.3083,19.0824,1973.55,1.58829,0.0,0.0,6.5e-05,4.09246e-05,12
KENJEU,6.20715,3.67471,6.20272,1225.55,1038.39,64.5661,54.706,6129.27,1.18024,0.076245,0.0646013,0.00076,0.000643938,4
SARNOQ,9.2766,6.16862,9.2766,2184.56,1971.15,0.0,0.0,2413.97,1.10826,0.22769,0.205447,0.0,0.0,0
BUVXOG,6.82532,5.20994,6.82532,919.202,725.24,0.0,0.0,1966.43,1.26745,0.07085,0.0558998,0.0,0.0,0
XAXQEU,4.2322,3.21043,4.22385,872.408,506.982,0.0,0.0,580.886,1.72079,0.02274,0.0132149,0.0,0.0,0
EGELUY,7.34075,6.87675,7.34075,1962.13,2066.96,0.0,0.0,1454.36,0.949281,0.200565,0.211281,0.0,0.0,0
LIDZUV,5.12552,3.77339,5.06598,673.674,435.426,0.0,0.0,1478.36,1.54716,0.03014,0.0194808,0.0,0.0,0
BIBBUL,3.85878,3.31702,3.85878,539.425,408.534,16.1253,12.2125,2645.43,1.32039,0.010765,0.00815287,9e-05,6.81615e-05,4
OFUYUL,6.60027,4.21601,6.30771,2305.29,2124.53,0.0,0.0,2993.3,1.08508,0.15616,0.143915,0.0,0.0,0
TEVZOK,4.56897,3.54471,4.54551,1055.75,533.471,0.0,0.0,1564.94,1.97903,0.034655,0.0175111,0.0,0.0,0
UBACOR,5.7806,3.33609,5.7806,1297.54,962.226,0.0,0.0,3020.34,1.34848,0.07142,0.0529633,0.0,0.0,0
HIWXER01,3.24098,2.75057,3.24098,0.0,0.0,310.624,123.328,911.288,2.51869,0.0,0.0,0.00217,0.000861559,6
DOGZIJ,5.26678,3.36062,5.26678,1138.54,942.883,0.0,0.0,1036.08,1.20751,0.05956,0.0493247,0.0,0.0,0
FIRVEH,4.11749,3.26577,4.11749,1230.03,865.98,0.0,0.0,711.35,1.42039,0.029655,0.0208781,0.0,0.0,0
BEPMIU,10.07029,9.95474,10.07029,1269.62,1242.9,0.62255,0.609451,2731.41,1.02149,0.21074,0.206306,0.0,0.0,6
AVIMOI,5.73292,4.38571,5.54624,1589.95,1296.69,0.0,0.0,3625.33,1.22616,0.083275,0.0679155,0.0,0.0,0
ESEVIH,6.88268,6.30555,6.87572,1452.47,957.934,16.3507,10.7836,3109.42,1.51625,0.14846,0.0979125,7.5e-05,4.94641e-05,2
VEXVAW,9.7712,5.86323,9.7712,2274.97,2941.93,0.0,0.0,4876.38,0.773292,0.28272,0.365606,0.0,0.0,0
WONZOP,11.00202,10.33195,11.00202,2163.36,3317.57,0.0,0.0,2892.21,0.652093,0.36695,0.562727,0.0,0.0,0
VEJYIT,6.4229,5.28654,6.4229,2350.08,2529.76,0.0,0.0,5706.62,0.928973,0.191595,0.206244,0.0,0.0,0
KEXKEF,4.72338,2.79989,4.49578,0.0,0.0,1304.36,1050.73,1426.31,1.24139,0.0,0.0,0.044705,0.0360122,3
FUTDII,10.10625,8.60837,10.10625,1683.28,1931.18,0.0,0.0,3509.89,0.871633,0.273075,0.313291,0.0,0.0,0
HIHGOW,7.39427,4.75889,7.07554,2193.42,2394.85,0.0,0.0,6712.2,0.915891,0.183805,0.200684,0.0,0.0,0
HAJMEL,5.95786,3.62462,5.95786,537.821,404.301,0.0,0.0,2061.54,1.33025,0.03102,0.0233189,0.0,0.0,0
OCIZIL,4.80232,3.72491,4.79269,693.657,518.193,0.0,0.0,6033.2,1.33861,0.02684,0.0200507,0.0,0.0,0
MECWEX,11.43189,3.1317,11.43189,1645.95,1786.94,0.0,0.0,2461.71,0.921103,0.21819,0.236879,0.0,0.0,0
UNIGEE,14.93052,7.82687,14.93052,2239.15,3697.73,0.0,0.0,4222.5,0.605547,0.49468,0.816914,0.0,0.0,0
GUYMAP,7.04894,5.20916,7.04894,1916.15,1779.78,0.0,0.0,2441.58,1.07662,0.169055,0.157023,0.0,0.0,0
PUQXUV,5.37589,5.08075,5.29758,874.238,581.417,0.0,0.0,3019.02,1.50363,0.04005,0.0266355,0.0,0.0,0
MIBQAR,15.10314,7.94876,15.10314,2234.41,3792.05,0.0,0.0,4339.39,0.589235,0.50336,0.854261,0.0,0.0,0
FIPWUY,4.7784,4.24794,4.7784,1260.84,952.837,0.0,0.0,726.863,1.32324,0.056605,0.0427774,0.0,0.0,0
PUPNAQ,3.58947,2.69874,3.57729,0.0,0.0,320.476,222.757,1896.24,1.43868,0.0,0.0,0.00353,0.00245363,4
ECASAD,4.09039,3.62411,4.09039,855.677,528.509,0.0,0.0,982.399,1.61904,0.023945,0.0147896,0.0,0.0,0
ODODES,6.13875,4.52515,6.13614,2164.81,2179.04,0.0,0.0,4062.36,0.993468,0.138015,0.138923,0.0,0.0,0
ACOLIP,4.91034,3.57647,4.78103,1810.94,1725.55,0.0,0.0,1527.86,1.04949,0.062495,0.0595482,0.0,0.0,0
LURGEL,9.80097,6.59404,9.39638,2555.25,4801.86,0.0,0.0,3007.3,0.532137,0.39551,0.743248,0.0,0.0,0
XINFUW,6.65291,5.08872,6.45934,2896.4,3443.92,0.0,0.0,3625.16,0.841018,0.25583,0.304191,0.0,0.0,0
PIHNUQ,4.34321,3.63294,4.34321,654.3,447.682,0.0,0.0,1598.14,1.46153,0.022155,0.0151588,0.0,0.0,0
LOJFUL,11.50657,8.6404,11.49116,2216.42,3634.17,0.0,0.0,5157.83,0.609882,0.36508,0.598607,0.0,0.0,0
TADCAE,4.68506,3.03191,4.68506,865.33,535.386,0.0,0.0,3780.62,1.61627,0.02172,0.0134383,0.0,0.0,0
DAXHUH01,7.57949,6.81104,7.5728,2455.63,2758.41,0.0,0.0,1663.98,0.890235,0.24364,0.273681,0.0,0.0,0
AMILUE,11.39418,11.07263,11.39418,1428.22,1453.86,4.23092,4.30687,4728.39,0.982365,0.243735,0.24811,2.5e-05,2.54488e-05,4
BUVYIB,10.88108,8.55613,10.68061,2561.72,3648.82,0.0,0.0,3550.0,0.702067,0.263585,0.375441,0.0,0.0,0
KUNWEW,5.28786,3.80654,5.25653,1016.51,690.997,0.0,0.0,2782.18,1.47108,0.048895,0.0332375,0.0,0.0,0
WALCIX,4.16345,2.98665,4.15683,1072.45,626.713,0.0,0.0,2988.35,1.71123,0.02459,0.0143698,0.0,0.0,0
EGELUY01,7.46021,7.04888,7.46021,1974.97,2092.81,0.0,0.0,732.372,0.943692,0.20229,0.21436,0.0,0.0,0
KAXQIL,5.12409,3.76819,5.12409,672.731,433.395,0.0,0.0,1473.53,1.55224,0.030175,0.0194397,0.0,0.0,0
LADHEF,6.83841,4.27158,6.83841,2067.56,1781.5,0.0,0.0,2899.99,1.16057,0.163525,0.1409,0.0,0.0,0
ZNGLUD01,3.16473,2.59565,3.12072,0.0,0.0,203.445,120.734,829.761,1.68506,0.0,0.0,0.00139,0.000824895,4
TENLIJ,5.37557,4.41973,5.36241,1751.38,1530.64,0.0,0.0,3966.15,1.14422,0.0929,0.0811907,0.0,0.0,0
MIKJAR,5.99502,4.84665,5.99502,981.554,500.7,0.0,0.0,2198.39,1.96036,0.056235,0.028686,0.0,0.0,0
KAYBIX,5.6946,5.49039,5.6894,1617.81,1332.2,0.0,0.0,1122.26,1.21439,0.120585,0.0992971,0.0,0.0,0
NIKYUC,4.9018,3.64376,4.89963,1217.15,702.864,0.0,0.0,1678.61,1.7317,0.048635,0.0280851,0.0,0.0,0
GIMVAA,3.80885,2.6465,3.67034,0.0,0.0,791.446,472.277,1327.62,1.67581,0.0,0.0,0.01539,0.00918361,4
UVUQAE,5.89761,4.70396,5.31275,1801.93,1575.43,0.0,0.0,4421.21,1.14377,0.110665,0.0967547,0.0,0.0,0
CUTKOS,5.45963,4.13818,5.45497,1257.8,1059.97,57.1628,48.1723,3372.95,1.18663,0.060985,0.0513933,0.00056,0.000471923,7
PEPBAO,5.10254,3.95909,5.10254,1131.49,794.52,0.0,0.0,2280.75,1.42412,0.05164,0.036261,0.0,0.0,0
SUJQOE,4.04841,2.83947,4.00192,983.784,816.942,0.0,0.0,4276.98,1.20423,0.02405,0.0199713,0.0,0.0,0
CISMAT01,4.08571,2.53592,3.61635,0.0,0.0,710.818,459.135,639.145,1.54817,0.0,0.0,0.01607,0.01038,2
IBICAZ,9.97802,9.8426,9.97802,1185.06,1105.16,0.0,0.0,2862.66,1.0723,0.197515,0.184197,0.0,0.0,0
HIFGIO,12.5848,12.05657,12.5848,1791.1,2449.59,0.0,0.0,2082.31,0.731183,0.3696,0.505482,0.0,0.0,0
BENXOJ,4.11666,3.47483,4.11666,1283.03,885.788,0.0,0.0,2928.2,1.44846,0.031725,0.0219026,0.0,0.0,0
XEXLUJ,8.72919,8.14175,8.68787,1580.34,1409.35,0.0,0.0,2521.45,1.12133,0.19695,0.17564,0.0,0.0,0
CUYVOI,4.52428,2.63151,4.51986,0.0,0.0,847.738,594.832,3343.05,1.42517,0.0,0.0,0.020185,0.0141632,5
CEGWER,4.43901,3.87534,4.42525,961.215,658.009,0.0,0.0,1401.33,1.46079,0.03783,0.0258969,0.0,0.0,0
BONWAD,3.83514,2.72512,3.83347,0.0,0.0,553.767,288.619,1297.81,1.91868,0.0,0.0,0.00891,0.00464383,5
RIFDUG01,13.00544,6.82625,13.00544,2319.38,2673.55,0.0,0.0,4673.5,0.86753,0.36277,0.418164,0.0,0.0,0
PIFPIE,7.85828,4.27554,7.85828,1941.43,1853.29,0.0,0.0,2995.38,1.04756,0.175025,0.167079,0.0,0.0,0
MEJQEZ,4.70786,3.58668,4.69647,1402.6,1105.02,0.0,0.0,1682.98,1.26931,0.053885,0.0424523,0.0,0.0,0
LOQLEJ,14.68464,14.39641,14.68464,1674.64,1685.08,0.0,0.0,2966.91,0.993806,0.34039,0.342512,0.0,0.0,0
PAPHEV,4.68234,3.58973,4.68234,1056.51,708.315,0.0,0.0,2629.62,1.49159,0.038645,0.0259086,0.0,0.0,0
NIKZEN,4.82301,3.70751,4.81727,1210.28,694.958,0.0,0.0,1669.15,1.74152,0.048495,0.0278464,0.0,0.0,0
IFEQIV,8.23002,7.90173,8.23002,755.038,570.658,0.0,0.0,1850.86,1.3231,0.09991,0.0755119,0.0,0.0,0
FANWOI,9.82419,8.59361,9.82419,1460.21,1466.43,0.0,0.0,5713.11,0.99576,0.202935,0.203799,0.0,0.0,0
MUVGOA,5.0396,3.54728,5.0396,1786.81,1798.04,0.0,0.0,4210.6,0.993755,0.063745,0.0641456,0.0,0.0,0
SOWYIM,2.02468,1.22645,2.02468,0.0,0.0,0.0,0.0,2088.53,1.14361,0.0,0.0,0.0,0.0,0
CAWVIH,6.48494,4.72476,6.48494,1157.56,934.247,0.0,0.0,4017.38,1.23903,0.074315,0.0599786,0.0,0.0,0
TONQOD,8.4438,5.40934,5.89319,3241.84,4429.51,0.0,0.0,3109.7,0.731873,0.258625,0.353374,0.0,0.0,0
RACZIG,5.83718,5.07634,5.83718,1140.29,740.188,0.0,0.0,1515.74,1.54054,0.073355,0.0476165,0.0,0.0,0
REYNUG,3.09619,2.84518,3.09083,78.3173,41.6184,0.0,0.0,3311.33,1.88179,0.00029,0.000154108,0.0,0.0,0
UBACUX,7.27569,3.40268,7.27569,1710.27,1431.12,0.0,0.0,3563.79,1.19506,0.121835,0.101949,0.0,0.0,0
ISOJOQ,5.96324,4.18126,5.95816,2429.82,2457.38,0.0,0.0,3434.35,0.988783,0.144165,0.1458,0.0,0.0,0
MEFYUT,5.77585,4.33422,5.56398,2280.31,1912.84,0.0,0.0,2446.14,1.19211,0.16525,0.13862,0.0,0.0,0
ZIDDIB,4.55863,2.41066,4.54778,0.0,0.0,444.902,232.733,5037.79,1.91164,0.0,0.0,0.013315,0.00696523,8
HEZKIH,4.70607,3.39261,4.68614,1490.39,1164.59,120.967,94.524,2818.72,1.27975,0.050205,0.0392302,0.00309,0.00241453,1
PAMVEG,4.06328,3.71255,4.05877,672.462,514.343,0.0,0.0,2030.95,1.30742,0.016165,0.012364,0.0,0.0,0
PEVQOY,14.79228,7.88362,14.77092,2252.86,3670.91,0.0,0.0,4166.35,0.613708,0.49443,0.805644,0.0,0.0,0
LABGAY,4.46512,3.23821,4.458,731.553,499.672,0.0,0.0,4048.59,1.46407,0.020875,0.0142582,0.0,0.0,0
CADPII,5.8333,5.0586,5.8333,380.902,186.993,0.0,0.0,1819.08,2.03698,0.024215,0.0118877,0.0,0.0,1
BEPMEQ,10.23749,10.11334,10.23749,1277.92,1261.94,10.553,10.421,2755.23,1.01266,0.21578,0.213082,2.5e-05,2.46874e-05,6
GAXVUY,6.10604,3.07582,5.9657,1983.52,1849.39,0.0,0.0,2685.89,1.07253,0.122255,0.113987,0.0,0.0,0
ZIF-1,6.5027,2.19055,6.5027,0.0,0.0,1221.59,1012.0,2195.87,1.2071,0.0,0.0,0.085445,0.0707852,2
IFEQAN,8.4621,8.16286,8.4621,716.278,531.01,0.0,0.0,1815.47,1.3489,0.100015,0.0741457,0.0,0.0,0
VUSJUP,14.85288,8.72882,14.85288,2156.27,4152.36,0.0,0.0,4193.89,0.519287,0.56823,1.09425,0.0,0.0,0
RAXDAX,3.78,2.80345,3.76584,199.237,138.481,202.122,140.487,1997.89,1.43873,0.003345,0.00232497,0.00337,0.00234234,2
YAZFOW,7.43679,7.30177,7.43679,1878.39,1431.29,0.0,0.0,1492.7,1.31238,0.208465,0.158845,0.0,0.0,0
GUYLUI01,4.78396,3.88146,4.64671,697.601,459.769,4.50975,2.97224,1732.47,1.51729,0.028915,0.019057,1e-05,6.59071e-06,2
RATCUL02,4.70959,3.72749,4.70959,1195.86,687.888,0.0,0.0,1672.09,1.73846,0.04631,0.0266386,0.0,0.0,0
ZIF-7,5.60159,2.39994,5.60159,0.0,0.0,882.684,711.011,2404.85,1.24145,0.0,0.0,0.032215,0.0259495,5
NAQLAT,6.1178,3.53855,6.08116,1469.31,1182.78,0.0,0.0,4644.98,1.24225,0.07315,0.0588851,0.0,0.0,0
HAJMAH,5.95813,3.63496,5.95813,544.998,410.311,0.0,0.0,2072.2,1.32826,0.031525,0.0237341,0.0,0.0,0
SAKRED,5.5169,5.02553,5.5169,2887.37,2797.16,0.0,0.0,2464.19,1.03225,0.188565,0.182673,0.0,0.0,0
QUQPUO,4.10943,3.18244,4.08238,1491.1,1238.12,0.0,0.0,2005.76,1.20432,0.0341,0.0283147,0.0,0.0,0
TACPAP,6.18933,6.06319,6.18525,765.152,448.644,0.0,0.0,2114.74,1.70548,0.06131,0.0359489,0.0,0.0,0
MUVHAN,5.19525,3.68882,5.00213,1808.75,1837.34,0.0,0.0,2125.23,0.984437,0.07014,0.0712489,0.0,0.0,0
DONNAW01,6.92645,6.40923,6.92645,1818.92,1567.41,0.0,0.0,715.001,1.16046,0.1695,0.146062,0.0,0.0,0
GUQTOB,3.95311,3.16468,3.95311,793.726,292.458,0.0,0.0,526.333,2.71399,0.01951,0.00718869,0.0,0.0,0
KAXQOR01,4.98984,3.66075,4.98812,646.796,412.576,0.0,0.0,1458.99,1.5677,0.02717,0.0173311,0.0,0.0,0
ECAHAT,12.33039,11.4865,12.33039,1145.79,1341.24,185.286,216.893,3160.16,0.854274,0.23321,0.272992,0.00545,0.00637968,2
HEBTEP,4.72105,3.05363,4.71798,1635.73,1290.82,0.0,0.0,1465.37,1.2672,0.05026,0.0396622,0.0,0.0,0
ODIXEG,10.36031,7.47097,10.26208,2306.89,4177.85,0.0,0.0,3845.07,0.552173,0.462845,0.838225,0.0,0.0,0
TONBII,4.87761,4.60688,4.87761,768.043,478.389,0.0,0.0,558.563,1.60548,0.03916,0.0243915,0.0,0.0,0
REDROI,5.11492,3.52421,4.97096,1277.87,787.282,0.0,0.0,1815.53,1.62315,0.049535,0.0305179,0.0,0.0,0
CAXVUU,11.30563,10.52948,11.30563,1698.89,1480.94,0.0,0.0,1327.89,1.14718,0.32756,0.285536,0.0,0.0,0
BOWQAG,3.49003,3.13948,3.48099,548.232,374.517,0.0,0.0,1968.16,1.46384,0.00752,0.00513718,0.0,0.0,0
LOLQIM,4.99964,2.73654,4.98296,0.0,0.0,1315.64,731.203,786.183,1.79928,0.0,0.0,0.04796,0.0266552,1
DEBGIA,4.22344,3.46939,4.21901,1385.14,1056.44,0.0,0.0,3015.47,1.31115,0.037165,0.0283454,0.0,0.0,0
WALBOC01,4.21583,2.9953,4.21411,1103.24,649.805,0.0129338,0.00761798,3011.98,1.6978,0.02548,0.0150077,0.0,0.0,1
LAWGIA,15.0745,7.93652,15.0745,2232.54,3780.2,0.0,0.0,4329.45,0.590588,0.501715,0.849517,0.0,0.0,0
LEMNOH,4.05561,3.09524,4.05434,1339.59,1121.77,0.0,0.0,2158.6,1.19418,0.03658,0.0306319,0.0,0.0,0
FIPXEJ,4.43579,3.68809,4.4295,1083.91,798.569,0.0,0.0,1417.24,1.35731,0.030875,0.0227471,0.0,0.0,0
WOWGEU,3.71958,2.46576,3.70911,0.0,0.0,288.202,152.634,488.889,1.88819,0.0,0.0,0.004235,0.00224289,2
PIJJOI,6.12931,4.00789,6.08289,1149.71,1052.86,51.4363,47.1032,5106.42,1.09199,0.06536,0.0598539,0.00062,0.000567769,12
EXEWAG,7.6405,5.6975,7.15286,1823.97,1708.99,0.0,0.0,2612.45,1.06728,0.175785,0.164704,0.0,0.0,0
FAFJIH,3.61922,2.55624,3.29431,0.0,0.0,282.078,191.964,2442.23,1.46943,0.0,0.0,0.003675,0.00250097,4
TESGOO,4.76391,3.62987,4.72184,1138.89,592.784,0.0,0.0,1611.99,1.92126,0.042255,0.0219934,0.0,0.0,0
OBUFIB,4.69705,3.94966,4.45735,1269.59,811.194,0.0,0.0,2011.85,1.56509,0.047765,0.030519,0.0,0.0,0
HUTTIA,4.93965,2.94896,4.93965,1095.19,848.882,0.0,0.0,5773.81,1.29015,0.04014,0.0311126,0.0,0.0,0
MUVGUG,5.3049,3.8372,5.30439,1787.62,1823.63,0.0,0.0,2134.3,0.980252,0.07374,0.0752255,0.0,0.0,0
TIGDOD,6.0917,4.63684,6.05909,2078.86,2208.94,0.0,0.0,2552.6,0.941113,0.139655,0.148393,0.0,0.0,0
HOWPUF,7.93406,5.48339,7.91016,2216.07,2280.58,0.0,0.0,3630.23,0.971712,0.243405,0.250491,0.0,0.0,0
NEHZIK,7.34019,4.77821,7.34019,1465.6,1219.83,0.0,0.0,3755.11,1.20148,0.125425,0.104392,0.0,0.0,0
ZIF-5,3.87741,2.16527,3.86853,0.0,0.0,441.465,286.042,5296.39,1.54336,0.0,0.0,0.00996,0.00645346,20
ZIF-6,9.51839,5.74397,9.10127,2352.12,3079.24,0.0,0.0,6940.09,0.763865,0.312715,0.409385,0.0,0.0,0
LUPTAS,4.93044,3.81292,4.9089,1156.02,808.624,0.0,0.0,2876.65,1.42961,0.044075,0.03083,0.0,0.0,0
WEBREC,5.39661,3.78553,5.39661,1264.15,1034.39,0.0,0.0,2672.88,1.22212,0.06136,0.050208,0.0,0.0,0
VACFOV,7.04016,6.80377,7.04016,2684.15,2884.42,0.0,0.0,2371.78,0.930569,0.22591,0.242765,0.0,0.0,0
FAQVEA,4.28187,3.21093,4.24486,887.865,605.614,0.0,0.0,1225.84,1.46606,0.018615,0.0126973,0.0,0.0,0
AFOQUI,4.25157,3.00568,4.24901,845.47,521.603,0.0,0.0,2076.4,1.62091,0.019075,0.0117681,0.0,0.0,0
NOCKUM,6.00758,5.1022,6.00758,1736.19,1617.68,0.0,0.0,1895.57,1.07326,0.114745,0.106913,0.0,0.0,0
FIQYOU,4.72303,3.65899,4.72303,1186.26,677.817,0.0,0.0,1660.95,1.75011,0.044505,0.0254298,0.0,0.0,0
HAFQUC,6.71368,5.31482,6.71368,2209.76,2396.3,0.0,0.0,1498.95,0.922153,0.157405,0.170693,0.0,0.0,0
IJANAJ,4.15369,3.00882,4.14402,890.942,629.301,0.0,0.0,1082.32,1.41576,0.019975,0.014109,0.0,0.0,2
QARCET,5.6311,3.58556,5.50351,976.901,682.664,2.84524,1.98827,3019.68,1.43101,0.054665,0.0382002,5e-06,3.49403e-06,2
MATVIN,3.96403,2.68633,3.96403,0.0,0.0,532.222,327.964,1054.11,1.62281,0.0,0.0,0.013955,0.0085993,6
OSAVEK,5.46185,5.06196,5.40742,1845.89,1861.74,0.0,0.0,1367.94,0.991485,0.116725,0.117727,0.0,0.0,0
ATOWIQ,9.54888,7.69493,9.54568,2037.0,2350.17,0.0,0.0,2134.77,0.866746,0.283005,0.326514,0.0,0.0,0
ZARZAV,5.22384,3.95101,5.21614,1169.19,883.036,0.0,0.0,2436.57,1.32405,0.059405,0.044866,0.0,0.0,0
QADBII,4.90485,4.23271,4.90165,870.391,610.432,0.0,0.0,2421.41,1.42586,0.035115,0.0246272,0.0,0.0,0
TUDJOS,11.48833,3.97125,11.48833,1844.69,2023.59,44.8488,49.1985,4974.81,0.911589,0.2108,0.231245,0.00033,0.000362005,6
EDADIX,4.63332,3.88728,4.61559,1710.39,1375.35,0.0,0.0,1642.9,1.24361,0.0573,0.0460757,0.0,0.0,0
MATTOR,5.58364,3.90943,5.58364,1623.41,1309.12,0.0,0.0,1647.59,1.24007,0.062695,0.0505576,0.0,0.0,0
ANUGUM,8.23346,6.98845,8.23346,2549.89,3747.86,0.0,0.0,3183.59,0.68036,0.361,0.530602,0.0,0.0,0
BEPPOD,10.03622,9.89092,10.03622,1465.0,1524.88,0.0,0.0,2816.98,0.960732,0.213915,0.222658,0.0,0.0,0
ABUWOJ,5.07969,4.03039,4.98773,2287.89,1975.17,0.0,0.0,4518.16,1.15833,0.10016,0.0864696,0.0,0.0,0
OGAGIN,5.17696,3.68155,4.98187,1106.28,761.08,0.0,0.0,2234.54,1.45357,0.048345,0.0332595,0.0,0.0,0
UVARUF,4.72699,3.36186,4.72699,829.776,664.408,0.0,0.0,1366.49,1.24889,0.024745,0.0198135,0.0,0.0,0
XUVHEB,6.21978,5.41115,6.21978,1689.99,1568.82,0.0,0.0,6616.02,1.07724,0.131185,0.121779,0.0,0.0,0
DEYVUA,5.3557,4.43475,5.33937,2948.92,3068.11,0.0,0.0,4237.48,0.961151,0.16072,0.167216,0.0,0.0,0
DAXHUH,7.50015,6.78537,7.34465,2483.5,2833.33,0.0,0.0,1690.0,0.876532,0.24579,0.280412,0.0,0.0,0
XAMHEA,9.0593,7.3957,8.92663,2618.97,3579.77,0.0,0.0,5076.5,0.731602,0.286545,0.391668,0.0,0.0,0
VACFOV01,6.9686,6.75464,6.9686,2693.05,2773.95,0.0,0.0,2273.41,0.970836,0.21382,0.220243,0.0,0.0,0
LAWGUM,15.09972,7.93483,15.09972,2233.43,3793.12,0.0,0.0,4342.52,0.58881,0.501575,0.851845,0.0,0.0,0
MIL-88C-dry,3.7994,3.19856,3.79758,414.21,288.256,12.0947,8.41696,2020.12,1.43695,0.00747,0.00519851,5e-05,3.47959e-05,4
MUZHUL,4.32673,3.84006,4.30197,2250.75,1884.26,0.0,0.0,877.208,1.1945,0.09268,0.0775888,0.0,0.0,0
IFENOY01,7.2447,5.77835,7.2447,684.16,513.978,0.0,0.0,1839.73,1.33111,0.05532,0.0415593,0.0,0.0,0
MAGBAZ,7.74379,4.25931,7.73545,2526.68,2633.06,0.0,0.0,2128.24,0.9596,0.210745,0.219618,0.0,0.0,0
ECIWUJ,3.25413,2.62453,3.25413,0.0,0.0,229.961,154.097,684.551,1.49231,0.0,0.0,0.001265,0.000847678,3
SAKRAZ,5.58245,5.12904,5.58245,2836.54,2735.99,0.0,0.0,2453.5,1.03675,0.190945,0.184176,0.0,0.0,0
WALCET,4.22225,3.07523,4.21512,1158.67,684.693,0.0,0.0,3021.87,1.69225,0.02797,0.0165283,0.0,0.0,0
AFITIT,7.3533,5.37116,7.3533,1673.22,1645.52,11.7557,11.5611,4269.85,1.01683,0.13193,0.129746,0.000135,0.000132765,1
NURMUJ,4.39424,3.64857,4.38802,2636.74,2195.95,0.0,0.0,1688.31,1.20073,0.07938,0.0661099,0.0,0.0,0
HEBZEV,7.75474,3.70807,7.48522,1640.13,1122.73,0.0,0.0,5154.99,1.46085,0.11403,0.0780574,0.0,0.0,0
UVASAM,4.75617,3.15385,4.75617,853.706,696.955,0.0,0.0,1393.24,1.22491,0.025385,0.020724,0.0,0.0,0
WAYMOA,7.06782,6.88356,7.06782,1907.8,1997.75,0.0,0.0,723.721,0.954971,0.18838,0.197262,0.0,0.0,0
FUFREE,3.74304,3.09275,3.73558,578.748,383.54,0.0,0.0,1263.37,1.50896,0.00983,0.00651441,0.0,0.0,0
ZIF-3,8.47376,5.69377,8.47376,2423.75,2754.23,0.0,0.0,6024.13,0.880009,0.21329,0.242373,0.0,0.0,0
KOMGUP,4.68805,3.52352,4.66923,1490.81,933.907,0.0,0.0,1485.19,1.59631,0.046545,0.0291579,0.0,0.0,0
FECKAA,5.55107,3.97584,5.38531,1608.92,1645.72,149.318,152.733,4233.05,0.97764,0.06463,0.0661082,0.00464,0.00474612,8
HIWXER,3.22971,2.67895,3.21272,0.0,0.0,188.821,74.0617,905.522,2.54951,0.0,0.0,0.001115,0.000437339,6
YEGKOM,5.20851,4.05507,5.20188,2557.71,2268.43,0.0,0.0,1363.97,1.12752,0.120785,0.107124,0.0,0.0,0
OSAWEL,5.275,4.57502,5.21033,1625.97,1348.44,0.0,0.0,650.528,1.20581,0.09029,0.0748792,0.0,0.0,0
PEGBEK01,4.25489,3.43767,4.2496,962.415,673.813,0.0,0.0,2246.8,1.42831,0.02836,0.0198556,0.0,0.0,0
FEHCOM,7.38822,6.74911,7.38822,1956.93,2050.78,0.0,0.0,3892.61,0.954238,0.194755,0.204095,0.0,0.0,0
VAZTOG,15.10603,7.93969,15.10603,2251.87,3817.36,0.0,0.0,4334.49,0.589901,0.49724,0.842921,0.0,0.0,0
FUNCAT,9.48773,8.77545,9.48773,1671.02,1796.42,0.0,0.0,3290.12,0.930198,0.234465,0.252059,0.0,0.0,0
LEGGIO,5.18429,3.8135,5.17203,2198.17,1875.63,0.0,0.0,4885.59,1.17196,0.113155,0.0965519,0.0,0.0,0
YILJAG,9.10869,5.99614,8.54669,2537.5,3221.37,0.0,0.0,3449.39,0.787709,0.29957,0.380305,0.0,0.0,0
HAMJOW,5.97637,5.66826,5.96867,2619.52,2859.4,0.0,0.0,2534.87,0.916107,0.17877,0.195141,0.0,0.0,0
VIZRIH,5.68106,4.30035,5.67077,620.38,389.054,4.36413,2.73684,5008.58,1.59459,0.034085,0.0213754,1e-05,6.27122e-06,4
PUSDIR,6.98341,5.26958,6.98341,1501.98,1336.17,18.9522,16.8599,4865.46,1.1241,0.11976,0.106539,0.000185,0.000164576,2
JIVFUQ,6.23742,5.26651,6.20112,2145.5,1872.92,0.0,0.0,966.699,1.14554,0.163265,0.142522,0.0,0.0,0
UBUMAH,7.09336,6.41082,6.96082,2702.48,3194.68,0.0,0.0,7004.14,0.845931,0.29393,0.347463,0.0,0.0,0
GEHSAN,4.21897,2.65292,4.13931,0.0,0.0,590.641,395.672,1041.94,1.49275,0.0,0.0,0.013545,0.00907383,2
UTEXAT,6.27145,4.0077,6.27145,2077.48,2040.93,0.0,0.0,4846.52,1.01791,0.130475,0.128179,0.0,0.0,0
GEDLIM,7.1997,3.30533,7.1962,1286.77,1131.88,0.0,0.0,2744.74,1.13684,0.08781,0.0772406,0.0,0.0,0
UXUZAP,4.84101,3.60752,4.81391,1500.06,1208.58,0.0,0.0,1721.12,1.24118,0.06216,0.0500813,0.0,0.0,0
DEPXAY,5.29628,3.94728,5.28006,2848.01,2661.51,0.0,0.0,5722.87,1.07008,0.127715,0.119351,0.0,0.0,0
RELLAW,7.25508,5.59885,7.25181,2345.2,2617.37,0.0,0.0,5495.68,0.896016,0.199615,0.222781,0.0,0.0,0
TEVZEA,4.59329,3.52297,4.53885,1051.09,533.428,0.0,0.0,1571.76,1.97043,0.03462,0.0175697,0.0,0.0,0
KAXQOR,4.50512,4.04434,4.50385,628.768,404.709,0.0,0.0,1472.21,1.55363,0.02215,0.0142569,0.0,0.0,0
COF-1,4.20219,3.07491,4.18658,1606.28,1767.05,0.0,0.0,1421.76,0.909019,0.035055,0.0385635,0.0,0.0,0
DEBNUU,3.22117,2.60916,3.14393,0.0,0.0,209.711,120.71,808.515,1.73731,0.0,0.0,0.001765,0.00101594,4
HIWLOO,4.60619,2.63453,4.4426,0.0,0.0,729.792,367.28,1251.58,1.98702,0.0,0.0,0.022575,0.0113613,1
EBIHII,6.77782,5.19916,6.76838,2105.7,1860.58,0.0,0.0,2989.25,1.13174,0.18433,0.162873,0.0,0.0,0
MIMVEJ,4.71676,4.28533,4.60921,1291.05,990.03,0.0,0.0,1576.92,1.30405,0.053,0.0406425,0.0,0.0,0
YEZFIU,7.76134,3.87237,7.76134,1966.63,1697.18,0.0,0.0,2352.24,1.15876,0.15441,0.133254,0.0,0.0,0
SARBOE,5.04967,3.82572,5.04967,1526.79,1269.47,0.0,0.0,1875.67,1.20269,0.066825,0.0555629,0.0,0.0,0
BARZUR,5.4946,5.30289,5.4946,2493.75,2693.67,0.0,0.0,2657.42,0.925783,0.120065,0.12969,0.0,0.0,0
HIFVOI,9.00136,6.57223,9.00136,2451.97,2870.12,0.0,0.0,6205.35,0.85431,0.235465,0.27562,0.0,0.0,0
ILOJEZ,4.06811,3.10596,4.05147,669.296,481.992,0.0,0.0,2424.27,1.3886,0.01486,0.0107014,0.0,0.0,0
VEHKAW,5.91326,2.66486,5.90329,0.0,0.0,1409.95,1238.11,1858.27,1.1388,0.0,0.0,0.086875,0.0762867,2
VUSKAW,14.98828,7.97019,14.98828,2213.16,3721.64,0.0,0.0,4299.69,0.594675,0.50124,0.84288,0.0,0.0,0
VICDOC,4.65058,4.08181,4.52458,1511.88,1319.31,0.0,0.0,2134.03,1.14596,0.056335,0.0491596,0.0,0.0,0
RATCUL01,4.69215,3.6752,4.68916,1184.5,679.087,0.0,0.0,1666.53,1.74426,0.045135,0.0258763,0.0,0.0,0
PURJIW,8.03037,6.16762,8.02661,2075.36,2320.34,0.0,0.0,5520.09,0.894418,0.224665,0.251186,0.0,0.0,0
DORDUK,4.54334,4.12792,4.50084,1129.03,962.74,0.0,0.0,2486.71,1.17273,0.043095,0.0367476,0.0,0.0,0
OVICUS,5.88829,5.24435,5.88829,1006.44,658.438,0.0,0.0,1615.25,1.52853,0.071135,0.0465381,0.0,0.0,0
GINLIA,6.39385,4.60431,6.39349,2594.46,2957.88,0.0,0.0,3276.26,0.877136,0.17477,0.199251,0.0,0.0,0
CUYHIO,3.56239,3.1474,3.55286,518.183,394.576,0.0,0.0,2224.32,1.31327,0.0072,0.00548252,0.0,0.0,0
FASQUN,5.13227,3.03904,5.02083,870.583,571.166,0.0,0.0,3190.44,1.52422,0.028675,0.0188129,0.0,0.0,0
ICALOP,7.48996,6.00068,7.45144,2622.35,3292.35,0.0,0.0,3794.84,0.796498,0.317665,0.398827,0.0,0.0,0
RUFMUA01,4.11681,2.9225,4.05539,867.948,573.975,0.0,0.0,545.111,1.51217,0.01977,0.0130739,0.0,0.0,0
NUCREJ,4.13308,3.35735,4.13308,610.772,373.228,0.0,0.0,2205.68,1.63646,0.01358,0.0082984,0.0,0.0,0
HIMSAY,5.16871,3.64786,5.09887,1775.32,1801.13,0.0,0.0,2122.57,0.985668,0.069015,0.0700185,0.0,0.0,0
XEDPIH,4.84924,3.94171,4.80226,1052.41,588.908,0.491832,0.27522,1965.46,1.78705,0.048635,0.0272152,0.0,0.0,5
BEPMAM,10.35764,10.23297,10.35764,1513.41,1692.87,52.4552,58.6756,2725.87,0.893987,0.24409,0.273035,0.00018,0.000201345,6
LUVTEC,10.454,10.05074,10.454,1241.71,1150.08,72.2884,66.954,4729.03,1.07967,0.21488,0.199023,0.000675,0.00062519,4
BEPNIV,10.32219,10.19883,10.32219,1490.75,1668.65,10.2336,11.4549,2716.47,0.893387,0.246595,0.276023,2e-05,2.23867e-05,20
HIHJUF,5.86901,4.91033,5.86855,960.127,650.641,117.325,79.5064,3112.83,1.47566,0.05854,0.0396703,0.002625,0.00177886,10
HELDEJ,5.22361,3.40377,5.03124,891.627,640.227,0.0,0.0,1658.75,1.39267,0.034935,0.0250849,0.0,0.0,0
PENZUE,3.89114,3.09221,3.89114,615.917,376.423,0.0,0.0,1985.08,1.63624,0.009195,0.00561961,0.0,0.0,0
XADCOW,14.13866,13.85709,14.13807,1691.38,1946.24,0.0,0.0,2705.17,0.869049,0.325255,0.374265,0.0,0.0,0
LOWQIX,8.78853,7.51009,8.78712,2295.0,2562.75,0.0,0.0,4369.35,0.895525,0.36082,0.402914,0.0,0.0,0
OSAXAI,4.39348,3.533,4.39348,858.334,657.052,0.0,0.0,2490.44,1.30634,0.03179,0.0243352,0.0,0.0,0
XUWVEQ,3.87598,2.7861,3.60167,0.0,0.0,576.791,248.939,515.157,2.31699,0.0,0.0,0.009455,0.00408072,2
MIL-88A-open,7.38925,5.27937,7.38271,2914.83,3228.04,0.0,0.0,2110.03,0.902972,0.26349,0.291803,0.0,0.0,0
VONBIK,4.80212,3.01348,4.80212,916.157,719.82,0.0,0.0,5154.14,1.27276,0.032305,0.0253819,0.0,0.0,0
XOHLEM,5.52611,4.54089,5.51535,2609.62,1948.93,0.0,0.0,1715.83,1.339,0.133855,0.0999663,0.0,0.0,0
NAKLIW,5.07535,4.01579,4.60929,2282.31,1969.09,0.0,0.0,4515.27,1.15907,0.101015,0.0871519,0.0,0.0,0
KAMZUV,11.31874,3.75162,11.31874,1745.23,1932.43,12.034,13.3248,2503.3,0.903126,0.2026,0.224332,7e-05,7.75085e-05,3
OHOLIH,5.71234,5.23759,5.71234,1758.2,1384.58,0.0,0.0,1462.33,1.26984,0.1105,0.0870189,0.0,0.0,0
GUXLIU,3.7664,2.40014,3.56743,0.0,0.0,294.995,155.702,487.23,1.89462,0.0,0.0,0.004845,0.00255725,2
PEVQAK,14.88407,7.88772,14.88407,2218.8,3683.12,0.0,0.0,4211.06,0.602423,0.506205,0.840282,0.0,0.0,0
ZIF-90,11.02364,3.49366,11.02364,1810.73,1832.04,0.0,0.0,5152.17,0.98837,0.22949,0.23219,0.0,0.0,0
NOQLOV,3.28229,2.60834,3.23871,0.0,0.0,240.489,120.303,1069.62,1.99902,0.0,0.0,0.001705,0.000852917,4
BARZAW,7.73839,2.55686,7.73839,0.0,0.0,626.212,422.774,4825.13,1.4812,0.0,0.0,0.046645,0.0314914,2
FECWOB01,4.17085,3.04516,4.16561,1007.07,638.052,0.0,0.0,1066.96,1.57835,0.024055,0.0152406,0.0,0.0,0
VICYUD,5.57985,4.2436,5.56531,1909.73,1657.85,0.0,0.0,3927.96,1.15194,0.1049,0.0910641,0.0,0.0,0
CAXVOO,11.61534,10.81876,11.61534,1682.97,1501.65,0.0,0.0,1359.2,1.12075,0.33596,0.299764,0.0,0.0,0
PEVQEO,14.84488,7.95313,14.77766,2214.91,3625.91,0.0,0.0,4185.81,0.610855,0.50303,0.823485,0.0,0.0,0
QUQFIS,7.94677,5.42884,7.94677,2714.54,3147.46,0.0,0.0,5857.6,0.862455,0.26792,0.310648,0.0,0.0,0
GACQAE,8.56972,8.26373,8.56972,2237.49,2559.01,0.0,0.0,3761.0,0.874357,0.285585,0.326623,0.0,0.0,0
TEDLUK,5.52889,4.6318,5.52889,722.613,544.857,140.546,105.973,2097.07,1.32625,0.045045,0.0339643,0.003155,0.0023789,2
RUMWUS,6.18521,4.39726,6.09912,1676.98,1517.6,0.0,0.0,2234.01,1.10502,0.110775,0.100247,0.0,0.0,0
XOVVOU,6.57595,5.59779,6.54684,2652.97,2473.24,0.0,0.0,2300.11,1.07267,0.174285,0.162477,0.0,0.0,0
AXOCEW,7.55963,5.38978,7.42723,1743.25,1551.29,0.0,0.0,2693.08,1.12374,0.153165,0.136299,0.0,0.0,0
ZnMOF-74,11.92244,11.08667,11.92244,1719.28,1458.76,0.0,0.0,1373.18,1.17859,0.356995,0.302899,0.0,0.0,0
EDUSIF,15.05124,7.91583,15.05124,2221.66,3744.34,0.0,0.0,4309.39,0.593338,0.501715,0.845581,0.0,0.0,0
XENMOU,4.29825,3.44611,4.26819,1048.12,654.681,0.0,0.0,1219.33,1.60097,0.03749,0.0234171,0.0,0.0,0
RATDAS02,4.66068,3.63147,4.66068,1144.2,596.393,0.0,0.0,1614.28,1.91854,0.04198,0.0218812,0.0,0.0,0
GIHBII,4.5778,2.7831,4.5778,0.0,0.0,1021.16,404.628,1342.48,2.52371,0.0,0.0,0.03117,0.0123509,2
NIKZEN01,4.86464,3.71164,4.85271,1229.69,712.44,0.0,0.0,1684.13,1.72603,0.050105,0.029029,0.0,0.0,0
KINKAV,4.49986,3.74388,4.49755,697.504,576.371,0.0,0.0,1987.18,1.21016,0.025295,0.0209021,0.0,0.0,0
FUNBAS,6.30412,4.59254,6.30412,1631.52,1469.28,0.0,0.0,2516.73,1.11042,0.10415,0.0937937,0.0,0.0,0
PIDMEV,7.7619,4.42953,7.71379,1970.28,1908.12,0.0,0.0,3038.85,1.03258,0.18071,0.175009,0.0,0.0,0
NARTUX,5.01316,2.44331,5.01316,0.0,0.0,436.394,311.769,4160.58,1.39973,0.0,0.0,0.01718,0.0122738,6
HAJLIO,5.88281,3.51824,5.84321,522.61,383.532,0.0,0.0,2019.93,1.36262,0.02867,0.0210403,0.0,0.0,0
GAYFOD,5.97544,5.52117,5.96891,1859.5,1614.06,0.0,0.0,569.382,1.15207,0.143175,0.124277,0.0,0.0,0
DOTTUC,4.62986,4.25621,4.62986,1207.87,1052.84,0.0,0.0,2541.93,1.14726,0.05328,0.0464412,0.0,0.0,0
VUNCAJ,3.5791,2.77239,3.5791,0.0,0.0,383.712,241.961,1200.24,1.58584,0.0,0.0,0.00547,0.00344927,4
XEDPON,7.48304,4.32366,7.48304,2364.35,2082.75,0.0,0.0,1079.5,1.13521,0.159475,0.140481,0.0,0.0,0
LIWXIZ,4.12479,3.66059,4.09285,236.844,145.302,0.0,0.0,1473.69,1.63001,0.006615,0.00405825,0.0,0.0,0
XENKIM,7.33298,6.02061,7.33229,2334.72,2840.16,0.0,0.0,5418.27,0.822036,0.260575,0.316987,0.0,0.0,0
PEMRIK,6.31603,3.45605,6.31603,1616.17,1363.53,0.0,0.0,3823.23,1.18528,0.092085,0.0776902,0.0,0.0,0
REYPIW,5.40721,5.27542,5.40721,1740.91,1470.08,0.0,0.0,1364.15,1.18423,0.110135,0.0930013,0.0,0.0,0
TISKOW,6.20785,2.95239,6.20785,1222.71,784.693,0.0,0.0,2912.1,1.5582,0.066945,0.0429629,0.0,0.0,1
XOVVEK,4.5587,3.32854,4.54868,980.405,613.582,0.0,0.0,1582.29,1.59784,0.03357,0.0210096,0.0,0.0,0
DIDDOK,9.60031,8.17399,9.60031,2700.99,5136.51,0.0,0.0,5213.21,0.525842,0.420165,0.799033,0.0,0.0,0
XEDLUN,5.03615,3.51292,5.0361,2152.13,2429.08,0.0,0.0,2430.19,0.885985,0.08315,0.0938504,0.0,0.0,0
UVARIT,4.76443,3.17403,4.76443,849.836,692.837,0.0,0.0,1391.32,1.2266,0.02516,0.0205119,0.0,0.0,0
GITWIQ,5.04878,3.98781,4.84113,1301.71,838.321,0.0,0.0,3096.22,1.55276,0.056755,0.036551,0.0,0.0,0
PEGCAH,4.41751,3.55963,4.32894,1066.21,756.59,0.0,0.0,2277.23,1.40923,0.03594,0.0255033,0.0,0.0,0
XOKHAH,3.76094,3.05778,3.73213,523.478,334.237,0.0,0.0,5124.39,1.56619,0.00718,0.00458438,0.0,0.0,0
TESGUU,4.82436,3.58268,4.81961,1141.38,594.126,0.0,0.0,1612.12,1.92111,0.042275,0.0220055,0.0,0.0,0
ZnHBDC,9.54884,7.69489,9.54884,2043.47,2357.61,0.0,0.0,2134.76,0.866753,0.283005,0.326512,0.0,0.0,0
QAVWAN,6.3577,4.74176,6.3577,1787.0,1561.32,0.0,0.0,2157.01,1.14455,0.0906,0.0791579,0.0,0.0,0
SADMUH,7.87522,7.3626,7.87522,2070.07,2104.29,0.0,0.0,796.596,0.983737,0.2275,0.231261,0.0,0.0,0
LUPHIN,5.12922,2.56897,5.06085,0.0,0.0,1159.25,558.053,2050.39,2.07732,0.0,0.0,0.04901,0.0235929,2
KIDDOS,5.19881,3.52628,5.19881,1665.13,1238.21,0.0,0.0,4315.92,1.34479,0.071775,0.0533726,0.0,0.0,0
PURJES,6.1741,5.21501,6.1741,1747.16,1620.09,0.0,0.0,2289.09,1.07844,0.12097,0.112172,0.0,0.0,0
SULKIU,5.12422,3.08346,4.51173,1474.71,1170.19,0.0,0.0,5845.09,1.26023,0.057085,0.0452971,0.0,0.0,0
RETBEZ,5.68464,3.76492,5.67906,1121.4,823.416,0.0,0.0,5145.16,1.36188,0.06453,0.0473829,0.0,0.0,0
WIHCUM,3.39664,3.07125,3.39664,178.953,104.025,0.0,0.0,699.582,1.72029,0.001805,0.00104924,0.0,0.0,0
PARHEW,7.38605,6.67234,7.38605,2797.68,4424.43,0.0,0.0,1934.94,0.632325,0.289035,0.457099,0.0,0.0,0
HICVOG,4.78823,4.34338,4.74662,1790.18,1424.78,0.0,0.0,2971.51,1.25646,0.07588,0.0603919,0.0,0.0,0
KIXXOG,3.83742,2.67446,3.83742,0.0,0.0,1153.35,984.396,1441.4,1.17163,0.0,0.0,0.025825,0.0220419,4
WUCRUH,4.31723,3.81301,4.31723,859.872,502.797,0.0,0.0,580.418,1.71018,0.02766,0.0161738,0.0,0.0,0
GIDKOU,4.78674,3.41448,4.67256,1202.75,689.067,0.0,0.0,3581.83,1.74547,0.042755,0.0244948,0.0,0.0,0
ISIMAZ,3.00707,2.46824,2.89927,0.0,0.0,21.7778,15.1927,2079.49,1.43344,0.0,0.0,4e-05,2.79049e-05,20
HIFTOG02,7.88297,4.15104,7.88297,2453.03,2118.46,5.32697,4.60042,4416.37,1.15793,0.13888,0.119938,3.5e-05,3.02264e-05,2
ZIF-77,5.04877,3.98778,4.84113,1303.98,839.782,0.0,0.0,3096.21,1.55277,0.056755,0.0365509,0.0,0.0,0
GALCAZ,7.51924,6.97754,7.50411,1325.03,1129.0,0.0,0.0,4218.32,1.17363,0.14813,0.126215,0.0,0.0,0
VACFUB,8.50715,8.34107,8.50715,1174.29,994.71,0.0,0.0,1306.43,1.18054,0.16787,0.142198,0.0,0.0,0
JASNEX,3.25556,2.72372,3.23347,0.0,0.0,249.415,166.758,794.17,1.49567,0.0,0.0,0.002105,0.0014074,4
QUDJOP,6.19638,4.53832,6.17045,2116.09,2000.24,0.0,0.0,2088.3,1.05792,0.14464,0.136721,0.0,0.0,0
XECBUD,6.78072,5.12599,6.75642,2325.15,2345.95,0.0,0.0,1364.93,0.991134,0.217165,0.219108,0.0,0.0,0
GELJAJ,4.01632,2.59819,4.00607,0.0,0.0,594.996,420.299,3375.59,1.41565,0.0,0.0,0.013435,0.00949034,8
BUVYEX,7.01349,5.55881,7.01349,963.231,794.961,0.0,0.0,4113.89,1.21167,0.076165,0.0628596,0.0,0.0,0
GERNOI,6.93892,3.80818,6.45255,1619.12,1527.73,0.0,0.0,5206.9,1.05982,0.10645,0.100441,0.0,0.0,0
IJEXUR,5.05755,2.858,5.05755,889.075,602.256,0.0,0.0,1612.94,1.47624,0.038105,0.0258122,0.0,0.0,1
PASMUT,5.21671,3.87145,5.2007,2046.89,1409.35,0.0,0.0,2462.0,1.45236,0.10763,0.0741068,0.0,0.0,0
GEGSIW,7.85804,2.85449,7.85804,1480.91,1369.71,0.0,0.0,3320.35,1.08118,0.138875,0.128447,0.0,0.0,0
CAXVII,11.60285,10.81428,11.60285,1678.83,1493.64,0.0,0.0,1355.29,1.12398,0.336025,0.298959,0.0,0.0,0
PIDMEV01,7.72003,4.28453,7.71744,1962.57,1854.36,0.0,0.0,2964.83,1.05835,0.171105,0.161671,0.0,0.0,0
PEQHUQ,5.29265,2.63691,5.29265,0.0,0.0,896.566,597.554,4082.03,1.50039,0.0,0.0,0.038335,0.02555,12
TEDSIG,5.45758,3.35688,5.43888,1397.85,1212.2,0.0,0.0,2279.17,1.15314,0.067005,0.0581064,0.0,0.0,0
GIZJOP,5.3179,2.78115,5.29436,0.0,0.0,1313.73,1106.79,4466.25,1.18697,0.0,0.0,0.052025,0.0438302,7
MOGVAG,3.92444,2.6298,3.92444,0.0,0.0,248.626,122.534,1229.11,2.02904,0.0,0.0,0.00525,0.00258743,9
MATVAF,7.15643,5.90901,7.14557,2285.53,2603.14,0.0,0.0,3705.11,0.87799,0.218805,0.249211,0.0,0.0,0
VEJYUF01,5.23877,2.60028,5.19387,0.0,0.0,1184.21,976.922,4373.32,1.21219,0.0,0.0,0.04885,0.040299,16
ODUNEH,6.66002,5.04848,6.5984,2392.77,2479.78,0.0,0.0,4542.55,0.964914,0.187875,0.194706,0.0,0.0,0
KINHAS,4.54337,3.76529,4.54337,1004.47,772.094,0.0,0.0,1419.32,1.30097,0.039235,0.0301582,0.0,0.0,0
ECUTON,3.86672,2.51427,3.85141,0.0,0.0,371.087,252.819,1967.27,1.4678,0.0,0.0,0.005535,0.00377095,4
OGAGEJ,5.64492,5.21899,5.64485,2220.55,2097.55,0.0,0.0,3068.15,1.05864,0.152935,0.144464,0.0,0.0,0
WAFKAQ,8.03491,5.5164,8.03491,2377.38,2608.37,0.0,0.0,2183.49,0.911443,0.25544,0.280259,0.0,0.0,0
MOYNEU,4.54965,3.36079,4.48899,630.821,474.572,0.0,0.0,4015.32,1.32924,0.01717,0.0129171,0.0,0.0,0
QIFLUO,4.97233,3.59683,4.96592,1598.57,1261.25,0.0,0.0,2898.78,1.26745,0.065025,0.051304,0.0,0.0,0
JASNAT,4.78374,3.98828,4.76573,1464.74,1172.91,2.77635,2.22321,1636.07,1.2488,0.06003,0.04807,0.0,0.0,2
KIGCEK,10.39364,10.27787,10.39364,1477.27,1490.99,0.0,0.0,2761.47,0.990795,0.23921,0.241432,0.0,0.0,0
XOQXEH,5.17553,3.13265,4.94244,847.996,556.229,0.0,0.0,3189.76,1.52455,0.02803,0.0183858,0.0,0.0,0
VEJYUF02,5.13877,2.49006,5.0865,0.0,0.0,1124.42,902.112,4253.19,1.24643,0.0,0.0,0.046615,0.0373989,16
PUQHIT,4.11931,2.80454,4.11931,810.654,543.878,0.0,0.0,1261.47,1.49051,0.01945,0.0130493,0.0,0.0,0
FEFDAX,7.78612,6.37885,7.6796,2334.49,2817.49,0.0,0.0,3091.73,0.828568,0.2672,0.322484,0.0,0.0,0
LOWPUI,5.89625,5.01412,5.89625,1649.01,1277.06,0.0,0.0,628.9,1.29126,0.10777,0.0834612,0.0,0.0,0
CATART03,3.52552,2.45245,3.51752,0.0,0.0,492.864,369.66,937.311,1.33329,0.0,0.0,0.00662,0.00496516,4
HIFGOU,5.85401,4.72992,5.85401,864.942,783.385,315.672,285.907,1636.13,1.10411,0.05872,0.0531832,0.01007,0.00912048,1
PIXHOV,4.83068,3.84033,4.83068,1395.9,1231.92,0.0,0.0,1506.11,1.13311,0.068615,0.0605544,0.0,0.0,0
HIFWAV,6.82644,4.81311,6.7091,1669.67,1462.25,0.0,0.0,5803.4,1.14185,0.126155,0.110483,0.0,0.0,0
TAPHOJ,3.98582,2.55144,3.98582,0.0,0.0,334.914,233.757,2679.28,1.43274,0.0,0.0,0.00597,0.00416684,8
XIDBUJ,7.40475,6.25511,7.40475,1677.43,1531.31,0.658962,0.601561,2338.56,1.09542,0.136105,0.124249,0.0,0.0,4
NAYZUK,9.71291,7.59917,9.71291,1466.3,1101.24,0.0,0.0,3441.97,1.3315,0.15832,0.118903,0.0,0.0,0
BEPNUH,10.32563,10.2098,10.32563,1222.49,1048.73,50.6803,43.4767,2773.47,1.16569,0.214295,0.183835,0.000225,0.000193019,6
CANRUG,6.57321,4.9271,6.57235,2237.77,2529.8,0.0,0.0,4277.38,0.884567,0.14033,0.158643,0.0,0.0,0
AYUWUM,4.54144,3.13863,4.54144,966.303,767.01,0.0,0.0,2607.12,1.25983,0.03085,0.0244874,0.0,0.0,0
MIL-88A-dry,5.16918,2.38237,5.16792,0.0,0.0,1128.76,727.559,1228.09,1.55144,0.0,0.0,0.044905,0.0289441,4
LACGAZ,4.56845,2.51115,4.50302,0.0,0.0,924.256,782.061,2070.0,1.18182,0.0,0.0,0.029785,0.0252026,2
MIZJUB,6.38416,5.99853,6.3841,2797.6,3224.56,0.0,0.0,5115.43,0.867592,0.18872,0.217522,0.0,0.0,0
RURQEB,4.27619,2.89993,4.24705,655.68,364.083,0.0,0.0,1113.34,1.80091,0.019295,0.010714,0.0,0.0,0
REYCOP,3.95649,3.16913,3.85297,859.836,718.285,1.80856,1.51083,3134.66,1.19707,0.017245,0.014406,0.0,0.0,4
KAYCIY,5.92381,4.85823,5.90445,2157.54,2208.1,0.0,0.0,2092.18,0.977102,0.17439,0.178477,0.0,0.0,0
XEXLOD,7.18877,6.831,7.15894,1578.83,1341.21,0.0,0.0,2401.85,1.17716,0.167205,0.142041,0.0,0.0,0
NIHBEM02,5.01891,3.78432,5.01891,1277.83,750.399,0.0,0.0,1707.04,1.70287,0.054345,0.0319138,0.0,0.0,0
PEGCEL,4.60881,3.89017,4.60881,1148.85,840.753,0.0,0.0,2348.51,1.36646,0.042165,0.0308572,0.0,0.0,0
RUFMUA,3.9762,2.77166,3.9762,0.0,0.0,737.184,485.821,543.233,1.5174,0.0,0.0,0.016085,0.0106004,1
ISOHEE,8.55224,6.29163,8.55224,2064.34,2436.49,0.0,0.0,1562.79,0.84726,0.25549,0.301549,0.0,0.0,0
VEJYIT01,6.55973,5.0687,6.54696,2394.47,2598.92,0.0,0.0,5753.94,0.921332,0.19543,0.212117,0.0,0.0,0
OBUFEX,5.14759,4.35938,5.14759,1952.46,1775.18,0.0,0.0,2371.31,1.09987,0.09712,0.0883015,0.0,0.0,0
XUYXAR,4.42154,3.80283,4.41516,932.79,617.357,0.0,0.0,2695.58,1.51094,0.03024,0.020014,0.0,0.0,0
HAXJEX,3.71072,3.23507,3.71072,397.796,235.3,0.0,0.0,2067.01,1.69059,0.00656,0.00388029,0.0,0.0,0
BERGAI,5.28761,2.67572,5.28761,0.0,0.0,887.685,592.929,4090.96,1.49712,0.0,0.0,0.03731,0.0249212,12
HABRIN,3.86703,2.43469,3.5403,0.0,0.0,331.93,225.47,2442.23,1.47217,0.0,0.0,0.0055,0.00373598,4
NIHBIQ02,5.38184,3.95166,5.36146,1417.06,870.163,0.0,0.0,1784.98,1.6285,0.068345,0.041968,0.0,0.0,0
UMEXUF,5.96732,4.46538,5.9489,1749.33,1077.59,0.0,0.0,1761.84,1.62337,0.13842,0.085267,0.0,0.0,0
IXURID,5.42414,4.17526,5.42124,1961.59,1704.92,0.0,0.0,1859.55,1.15055,0.106645,0.0926903,0.0,0.0,0
DAXNOG,5.56922,5.12652,5.56922,1691.71,1328.71,0.0,0.0,598.654,1.2732,0.107035,0.0840676,0.0,0.0,0
HAJLUA,5.93834,3.59786,5.93834,540.811,401.705,0.0,0.0,2044.44,1.34629,0.030675,0.0227849,0.0,0.0,0
YUSGID,4.4966,3.71515,4.45873,1065.16,737.036,0.0,0.0,1551.9,1.44519,0.03795,0.0262595,0.0,0.0,0
MOF-1-Dybtsev-dmol,9.35639,7.5759,9.11637,2281.85,2760.93,0.0,0.0,1147.61,0.82648,0.28044,0.339319,0.0,0.0,0
KEWZOD,8.2616,4.77363,8.2616,2232.83,2653.16,0.0,0.0,3130.94,0.841576,0.24215,0.287734,0.0,0.0,0
YARSAN,5.04398,3.94641,5.02513,1143.17,883.085,0.0,0.0,3947.63,1.29452,0.054215,0.0418804,0.0,0.0,0
SICDAL,2.83865,2.57119,2.83865,0.0,0.0,0.620381,0.362424,486.681,1.71176,0.0,0.0,0.0,0.0,2
NIKYOW01,4.61161,3.58405,4.59865,1097.77,614.54,0.0,0.0,1627.28,1.78633,0.03832,0.0214518,0.0,0.0,0
PEGBUA,4.24178,3.44241,4.23659,961.836,673.519,0.0,0.0,2247.17,1.42808,0.02828,0.0198029,0.0,0.0,0
POJTOY01,2.78157,2.47684,2.78157,0.0,0.0,0.0,0.0,892.412,1.75623,0.0,0.0,0.0,0.0,0
IBUYAH,4.28353,4.03476,4.28353,426.016,284.976,7.90373,5.28706,3662.99,1.49492,0.014355,0.00960253,1.5e-05,1.0034e-05,4
MAZSUD,5.33307,3.93087,5.33307,2429.56,2100.57,0.0,0.0,948.298,1.15662,0.11328,0.0979406,0.0,0.0,0
RAHBUZ,6.80616,5.48586,6.79539,2261.24,1975.26,0.0,0.0,2547.25,1.14478,0.194795,0.170159,0.0,0.0,0
LAZJAZ,5.54191,3.38524,5.00952,843.12,662.09,0.0,0.0,1217.26,1.27342,0.033625,0.0264052,0.0,0.0,0
VEMMAC,7.0981,6.10196,7.04022,2619.2,2968.77,0.0,0.0,1567.27,0.882251,0.23458,0.265888,0.0,0.0,0
KOMHAW,4.30719,2.83423,4.30719,1057.02,631.985,0.0,0.0,1473.11,1.67254,0.02364,0.0141342,0.0,0.0,0
HENYUV,4.33819,2.97954,4.33146,955.612,616.786,0.0,0.0,983.826,1.54934,0.023475,0.0151516,0.0,0.0,0
JITPOS,5.87355,4.84468,5.87071,1384.89,964.967,0.0,0.0,6688.83,1.43517,0.088695,0.061801,0.0,0.0,0
SAHYOQ04,15.08795,7.9352,15.08795,2244.38,3807.16,0.0,0.0,4337.33,0.589515,0.499935,0.848045,0.0,0.0,0
ATOXEN,4.55968,3.64615,4.5327,906.065,683.974,4.19798,3.16899,1612.66,1.32471,0.025585,0.0193137,1e-05,7.54884e-06,2
OSOMIT,4.61762,2.46616,4.61012,0.0,0.0,569.113,364.791,1913.2,1.56011,0.0,0.0,0.01949,0.0124927,2
LIHRIE,3.80682,2.47646,3.8057,0.0,0.0,540.589,259.112,687.183,2.08632,0.0,0.0,0.00837,0.00401185,4
KEDQAN,6.47084,4.69781,6.47084,1164.94,937.754,0.0,0.0,4012.28,1.24227,0.073025,0.0587835,0.0,0.0,0
ASACON,6.40616,5.08657,6.3959,1220.36,686.249,0.0,0.0,2964.91,1.7783,0.08721,0.0490412,0.0,0.0,0
KAVROQ,5.56636,2.87136,5.26257,1077.55,568.239,0.0,0.0,3266.42,1.8963,0.051325,0.0270659,0.0,0.0,0
WAYMIU,7.34155,6.89988,7.34155,1943.85,1986.14,0.0,0.0,706.168,0.978708,0.194445,0.198675,0.0,0.0,0
RAQVEM,4.14606,3.13681,4.12069,413.491,299.207,4.70336,3.40341,3430.38,1.38196,0.010125,0.00732657,5e-06,3.61806e-06,10
EMITUQ,7.79889,5.62107,7.77313,1951.18,2002.17,3.57428,3.66768,6076.17,0.974534,0.19748,0.202641,1e-05,1.02613e-05,4
MATVEJ,8.53091,6.65914,8.53091,2424.02,3385.43,0.0,0.0,4784.81,0.716016,0.319955,0.446855,0.0,0.0,0
HEGJUZ,6.22529,4.73915,6.22421,1649.98,1513.3,0.0,0.0,6536.66,1.09032,0.11563,0.106052,0.0,0.0,0
QOMFAA,5.35735,4.20957,5.26731,2029.19,1875.55,0.0,0.0,965.742,1.08192,0.10217,0.0944344,0.0,0.0,0
IBICED,10.07018,9.94208,10.07018,1146.01,934.812,0.0,0.0,2865.18,1.22593,0.194215,0.158423,0.0,0.0,0
TIRLIQ,5.16708,4.02438,5.14791,1219.11,906.392,2.78974,2.07413,4181.41,1.34501,0.05159,0.0383565,0.0,0.0,6
GIYTIS,6.15959,5.08946,6.14209,2474.94,2579.19,0.140931,0.146868,1382.1,0.959578,0.2046,0.213219,0.0,0.0,1
XENMIO,4.28482,3.43605,4.26976,1026.66,635.884,0.0,0.0,1207.01,1.61453,0.036885,0.0228456,0.0,0.0,0
QONQEQ,7.40291,6.99895,7.40291,1955.25,2070.17,0.0,0.0,731.752,0.94449,0.1995,0.211225,0.0,0.0,0
SETQUF,7.79585,7.23477,7.79585,2050.84,2066.6,0.0,0.0,1579.33,0.992375,0.226885,0.228628,0.0,0.0,0
TEVZUQ,4.84681,3.6521,4.84681,1194.03,630.167,0.0,0.0,1634.52,1.89478,0.04685,0.0247259,0.0,0.0,0
WEBKOF,9.58186,6.48111,9.58186,2596.06,3040.91,0.0,0.0,4466.72,0.853712,0.315105,0.3691,0.0,0.0,0
REGREC,7.78665,6.48187,7.78665,2582.6,2870.62,0.0,0.0,4506.56,0.899667,0.316155,0.351413,0.0,0.0,0
PURSOK,4.44828,3.48673,4.44828,1717.0,1268.85,0.0,0.0,844.895,1.3532,0.048685,0.0359777,0.0,0.0,0
TEQPAI,6.00734,3.70386,5.68806,2033.3,1707.69,0.0,0.0,5803.96,1.19067,0.10954,0.0919985,0.0,0.0,0
QOKCID,4.29842,3.87051,4.29842,595.578,347.281,0.0,0.0,1148.64,1.71497,0.02311,0.0134754,0.0,0.0,0
TEPGUS,4.96082,3.85849,4.96082,1297.53,1003.41,0.0,0.0,1729.11,1.29312,0.055665,0.0430471,0.0,0.0,0
NEHNEV01,5.0058,3.67388,5.00532,755.584,546.613,0.0,0.0,1635.31,1.3823,0.029105,0.0210555,0.0,0.0,0
FUNBEW,11.16014,9.18662,11.10962,2305.2,3447.22,0.0,0.0,2481.37,0.668714,0.396355,0.592712,0.0,0.0,0
SUJREV,4.09412,3.04808,3.93219,1164.22,953.141,0.0,0.0,4216.64,1.22146,0.024555,0.020103,0.0,0.0,0
GUYLUI,4.74374,3.84472,4.72455,683.945,445.394,2.27704,1.48284,1711.82,1.5356,0.027915,0.0181786,5e-06,3.25607e-06,2
YUBFOR,8.69265,4.94745,8.69265,1725.97,1440.54,0.0,0.0,1342.99,1.19814,0.159265,0.132927,0.0,0.0,0
FIJCUX01,7.34002,6.13055,7.33722,1845.61,1508.77,0.0,0.0,4548.2,1.22326,0.18776,0.153492,0.0,0.0,0
MAFZOK,4.49041,2.53181,4.48098,0.0,0.0,893.61,444.729,698.42,2.00933,0.0,0.0,0.026835,0.0133552,1
WALBOC02,4.1969,2.99285,4.17717,1094.82,643.682,0.0,0.0,3006.54,1.70087,0.0258,0.0151687,0.0,0.0,0
RAPYUE,8.10165,5.74476,7.96111,2753.26,3212.65,0.0,0.0,2898.12,0.857006,0.320795,0.37432,0.0,0.0,0
XOVVIO,4.51219,3.10979,4.50726,892.85,540.524,0.0,0.0,1594.92,1.65182,0.021725,0.0131521,0.0,0.0,0
BENXUP,4.10218,3.42336,4.09595,1291.39,876.529,0.0,0.0,1439.42,1.4733,0.032195,0.0218523,0.0,0.0,0
WALBOC,4.17363,2.9644,4.17363,1071.19,628.882,0.0,0.0,3002.22,1.70332,0.024655,0.0144747,0.0,0.0,0
UWELIS,5.99371,4.57547,5.83222,2653.35,2786.86,0.0,0.0,2439.06,0.952092,0.161035,0.169138,0.0,0.0,0
GOGWAB,4.95936,4.07145,4.95936,2436.47,2292.51,0.0,0.0,1086.35,1.0628,0.139295,0.131065,0.0,0.0,0
NIHBEM01,4.87963,3.68372,4.87963,1199.31,689.07,0.0,0.0,1670.14,1.74048,0.046715,0.0268403,0.0,0.0,0
NIKZEN02,4.94738,3.78699,4.94738,1277.88,751.531,0.0,0.0,1709.54,1.70037,0.054535,0.0320724,0.0,0.0,0
QAQSAD,5.24683,3.85843,5.23776,1696.68,1389.08,0.0,0.0,1140.21,1.22144,0.07507,0.0614604,0.0,0.0,0
QIFLOI,5.67402,3.53015,5.67302,995.491,717.486,400.944,288.975,4701.77,1.38747,0.033985,0.0244942,0.016235,0.0117011,4
MECLEL,6.56223,2.85573,6.56223,1467.69,849.248,0.0,0.0,1515.64,1.72822,0.08903,0.0515154,0.0,0.0,0
XADGAM,5.02813,3.93675,5.02538,789.158,659.683,332.686,278.103,2552.86,1.19627,0.03672,0.0306954,0.01184,0.00989744,2
MIBQAR16,15.00006,7.9611,15.00006,2229.33,3733.87,0.0,0.0,4282.55,0.597056,0.50533,0.846369,0.0,0.0,0
HESVOR,4.41466,3.00485,4.41466,1004.46,650.424,0.0,0.0,987.026,1.54432,0.02553,0.0165316,0.0,0.0,0
RAPYOY,6.23016,5.75241,6.23016,2730.4,2963.79,0.0,0.0,2854.82,0.921251,0.27239,0.295674,0.0,0.0,0
IBOTAU,6.68004,2.91754,6.68004,1731.42,828.793,0.0,0.0,816.763,2.08909,0.12299,0.0588727,0.0,0.0,0
OWAVOY,8.02011,4.26959,7.97315,2406.7,2384.64,0.0,0.0,4966.05,1.00925,0.19179,0.190032,0.0,0.0,0
LIKFOB,4.37966,3.37801,4.37966,1594.53,1004.62,0.0,0.0,398.499,1.5872,0.048945,0.0308374,0.0,0.0,0
KAFYAT,3.68992,2.80806,3.653,194.445,119.09,582.973,357.048,2118.34,1.63276,0.00332,0.00203337,0.008975,0.00549683,4
FECZAQ,8.50021,5.35603,8.50021,2507.09,2547.64,0.0,0.0,5710.19,0.984083,0.202625,0.205902,0.0,0.0,0
CAXWIJ,11.51921,10.74275,11.51921,1697.9,1485.48,0.0,0.0,1332.73,1.143,0.33325,0.291556,0.0,0.0,0
SABVOH01,6.49159,6.20622,6.49159,1829.73,1818.89,0.0,0.0,1374.08,1.00596,0.16837,0.167373,0.0,0.0,0
BOLPEY,7.16659,5.73903,7.15989,2324.74,2611.26,0.0,0.0,4112.6,0.890275,0.234785,0.263722,0.0,0.0,1
WERKUZ,3.65332,2.97956,3.64317,299.552,168.009,0.0,0.0,1576.09,1.78295,0.00399,0.00223786,0.0,0.0,0
NIRDOI,3.72517,2.74753,3.7047,0.0,0.0,331.609,224.024,4227.87,1.48024,0.0,0.0,0.004295,0.00290157,4
IJANEN,4.00254,2.88482,4.00254,832.492,588.181,0.0,0.0,2165.25,1.41537,0.018365,0.0129754,0.0,0.0,0
ODODIW,7.22618,4.59373,7.22618,2225.79,2304.22,0.0,0.0,2368.84,0.965963,0.21031,0.217721,0.0,0.0,0
YARKEJ,5.09087,4.02557,5.06345,1219.15,998.527,0.0,0.0,2288.9,1.22095,0.0491,0.0402147,0.0,0.0,0
QATHIE,4.86697,2.68325,4.86697,0.0,0.0,1284.81,1115.25,1042.63,1.15203,0.0,0.0,0.046925,0.0407323,1
YARFII,5.60638,3.64289,5.59874,1729.05,1663.63,0.0,0.0,2989.64,1.03932,0.080675,0.0776226,0.0,0.0,0
KEXKAB,4.09177,3.26763,4.07647,883.256,595.463,0.0,0.0,2198.92,1.48331,0.02076,0.0139957,0.0,0.0,0
UVUPOR,6.87637,4.98201,6.87637,1647.22,1606.8,263.022,256.568,4118.06,1.02516,0.12762,0.124488,0.00987,0.00962781,1
MEJQID,4.95338,3.66569,4.91383,1567.87,1287.71,0.0,0.0,1754.5,1.21757,0.06884,0.056539,0.0,0.0,0
MIBQAR18,14.9999,7.96708,14.97357,2228.69,3728.19,0.0,0.0,4277.26,0.597794,0.505735,0.846002,0.0,0.0,0
BEKSAM,4.03474,3.3801,4.0216,766.774,264.575,0.0,0.0,871.475,2.89814,0.01842,0.0063558,0.0,0.0,0
COMDOY,6.12061,5.53928,6.10846,1807.28,1473.0,0.0,0.0,678.991,1.22694,0.13893,0.113233,0.0,0.0,0
VONBUW,4.78685,2.90353,4.78685,604.456,450.126,0.0,0.0,3195.01,1.34286,0.02042,0.0152064,0.0,0.0,0
WAYMEQ,7.00572,6.70045,7.00572,1890.3,1938.72,0.0,0.0,705.404,0.975024,0.182295,0.186965,0.0,0.0,0
PURQEZ,4.01335,3.33782,3.83874,1431.81,1140.5,0.0,0.0,1563.52,1.25543,0.02564,0.0204234,0.0,0.0,0
UJAQUS,7.15939,6.10118,7.07981,2336.91,2361.21,0.0,0.0,3470.03,0.989707,0.21932,0.221601,0.0,0.0,0
ZIF-2,6.4229,5.28654,6.4229,2359.58,2539.98,0.0,0.0,5706.62,0.928973,0.191595,0.206244,0.0,0.0,0
DAXKOE,4.47299,2.92632,4.45124,1187.3,812.076,0.0,0.0,1015.37,1.46205,0.031805,0.0217536,0.0,0.0,0
PUSDOX,7.16088,5.6335,7.16088,1606.61,1453.16,0.0,0.0,4946.88,1.1056,0.13298,0.120279,0.0,0.0,0
YEKXET,6.4533,5.02363,5.80415,2521.94,2559.85,0.0,0.0,5195.29,0.985188,0.22357,0.226931,0.0,0.0,0
KAYBUJ,5.49315,5.23582,5.46639,1653.57,1384.76,0.0,0.0,1141.3,1.19412,0.118765,0.0994583,0.0,0.0,0
RUTBUE,5.46179,3.3167,5.42607,1604.81,868.255,0.0,0.0,1567.53,1.84831,0.06728,0.0364007,0.0,0.0,0
XINWUO,6.28388,4.28799,6.2795,2668.15,2429.29,0.0,0.0,1783.73,1.09832,0.18087,0.164678,0.0,0.0,0
BEPLUF,10.54661,10.45745,10.54661,1511.26,1712.92,8.17182,9.26229,2762.08,0.882268,0.253115,0.286891,0.0,0.0,12
Zn-DOBDC,11.71732,10.90932,11.71732,1734.15,1422.06,0.0,0.0,1327.16,1.21946,0.347595,0.285039,0.0,0.0,0
HAJLEK,5.8515,3.44987,5.65675,520.04,382.188,0.0,0.0,2022.8,1.36069,0.028645,0.0210518,0.0,0.0,0
IMACZN01,4.79524,3.4985,4.79524,852.817,599.935,0.0,0.0,769.996,1.42152,0.019315,0.0135876,0.0,0.0,0
PEKKAS,3.45164,2.93856,3.45164,1359.48,757.052,0.0,0.0,806.86,1.79576,0.016515,0.00919668,0.0,0.0,0
EZUCIM,5.27092,4.42324,5.21472,2341.46,2334.65,0.0,0.0,2501.28,1.00292,0.115365,0.115029,0.0,0.0,0
FUDQIF,4.3814,3.86214,4.38008,986.041,626.507,0.0,0.0,387.889,1.57387,0.02921,0.0185594,0.0,0.0,0
VAGTUU,6.4105,3.89316,6.4105,1862.18,1564.01,0.00758967,0.00637442,5132.81,1.19065,0.10456,0.0878179,0.0,0.0,1
GACPUX,5.9525,3.77259,5.85811,2268.94,2220.42,0.0,0.0,3387.39,1.02185,0.123105,0.120473,0.0,0.0,0
HAKWUM,3.50559,2.63697,3.50084,0.0,0.0,664.881,298.77,271.189,2.2254,0.0,0.0,0.007805,0.00350724,1
APEBED,4.58202,3.62787,4.5574,995.994,602.931,0.0,0.0,1894.1,1.65192,0.02853,0.0172708,0.0,0.0,0
ZEDROR,5.08255,3.56751,5.06998,1731.17,1390.65,0.0,0.0,3539.08,1.24486,0.057135,0.0458966,0.0,0.0,0
IFEPUG,8.50415,8.15117,8.50415,716.943,531.536,0.0,0.0,1815.58,1.34881,0.10075,0.0746952,0.0,0.0,0
GULPIN,4.24475,3.50387,4.19004,1033.26,739.449,0.0,0.0,2185.14,1.39734,0.0284,0.0203244,0.0,0.0,0
YIKLUZ,3.81518,2.68861,3.8056,0.0,0.0,610.221,352.13,1628.15,1.73294,0.0,0.0,0.00811,0.00467991,8
ZIF-4,5.19108,2.48543,4.80336,0.0,0.0,1151.9,943.499,4342.2,1.22088,0.0,0.0,0.0461,0.0377597,12
PENNUT,5.51848,4.07497,5.40477,1527.35,1135.46,0.0,0.0,2115.07,1.34514,0.09419,0.0700224,0.0,0.0,0
MAKXAZ,5.08726,4.83873,5.06957,1075.89,845.215,0.0,0.0,2075.35,1.27292,0.06968,0.0547404,0.0,0.0,0
CUNXIS10,4.73091,2.77205,4.5381,0.0,0.0,1062.75,557.905,1331.49,1.90489,0.0,0.0,0.037685,0.0197833,2
NHBZZN10,3.40814,2.94018,3.40605,291.446,189.282,0.0,0.0,1439.16,1.53975,0.003115,0.00202306,0.0,0.0,0
HAFQOW,7.39305,6.93116,7.36894,2010.31,2126.91,0.0,0.0,1462.44,0.945179,0.20438,0.216234,0.0,0.0,0
NIHBIQ,5.25122,3.88968,5.25122,1349.62,808.375,0.0,0.0,1741.1,1.66955,0.060675,0.0363421,0.0,0.0,0
VUSKEA,14.99758,7.99678,14.99758,2199.56,3698.76,0.0,0.0,4299.69,0.594675,0.502245,0.84457,0.0,0.0,0
NOFHUM,4.52799,3.71651,4.48929,1451.75,1237.9,0.0,0.0,3733.82,1.17276,0.043685,0.0372499,0.0,0.0,0
HIFVUO,7.50154,5.9811,7.50154,2338.03,2852.83,0.0,0.0,6468.57,0.819546,0.272245,0.33219,0.0,0.0,0
ZnBDC,6.21962,4.91955,6.21962,1745.92,1445.3,0.0,0.0,1261.93,1.208,0.137685,0.113978,0.0,0.0,0
UVEXAV,4.66793,3.98237,4.65272,1317.64,660.376,0.0,0.0,553.489,1.99529,0.060955,0.0305495,0.0,0.0,0
XUGSEY,7.45351,5.81909,7.11831,2729.17,3846.48,0.0,0.0,3616.54,0.709523,0.300685,0.423785,0.0,0.0,0
REDYEG,6.00247,5.30029,6.00247,1291.18,751.655,0.0,0.0,998.317,1.71779,0.0922,0.0536737,0.0,0.0,0
MIDRAT,4.2048,3.33834,4.2048,902.024,713.877,0.0,0.0,2533.27,1.26356,0.02403,0.0190178,0.0,0.0,0
WONZUV,11.45781,9.81279,11.45781,2272.98,3739.98,0.0,0.0,3672.37,0.60775,0.379975,0.625216,0.0,0.0,0
MIFKUJ,6.05079,4.58023,5.97678,2177.02,2375.45,0.0,0.0,2086.9,0.91647,0.156235,0.170475,0.0,0.0,0
BEPPIX,9.77409,9.63706,9.77409,1453.78,1467.82,0.0,0.0,2742.63,0.990438,0.206775,0.208771,0.0,0.0,0
EMIVAY,4.88617,3.76872,4.88617,1190.11,1018.46,0.980928,0.839449,3171.21,1.16854,0.04405,0.0376967,0.0,0.0,6
NEHNEV,5.92864,4.61701,5.92332,2002.05,2054.29,0.0,0.0,2319.48,0.974569,0.15521,0.15926,0.0,0.0,0
WOGHEG,4.98706,2.98597,4.98706,1291.76,1040.03,0.0,0.0,999.136,1.24204,0.051515,0.0414762,0.0,0.0,0
TEVZIE,4.89772,3.64059,4.89772,1200.93,636.081,0.0,0.0,1640.37,1.88802,0.04787,0.0253546,0.0,0.0,0
TEDHAN,10.07567,9.53567,10.07567,2288.79,2545.34,0.0,0.0,5328.29,0.899209,0.31892,0.354667,0.0,0.0,0
FIJCUX,7.05898,5.83044,7.05683,1836.26,1453.6,0.0,0.0,4404.19,1.26326,0.17349,0.137335,0.0,0.0,0
OFERUN04,11.43126,3.48146,11.43126,1763.79,1929.21,0.0,0.0,4960.32,0.914253,0.23086,0.252512,0.0,0.0,0
UVAROZ,4.79706,3.34321,4.64621,863.211,701.885,0.0,0.0,1387.65,1.22985,0.025805,0.0209823,0.0,0.0,0
ISUCUV,5.63872,3.87203,5.6203,2064.12,1932.83,0.0,0.0,2519.16,1.06793,0.092765,0.0868646,0.0,0.0,0
KEFBOO,11.98727,8.05488,11.98727,2467.48,3423.06,0.0,0.0,3324.24,0.72084,0.388535,0.539003,0.0,0.0,0
PUWCUF,5.62914,3.92719,5.62914,2494.04,2068.1,0.0,0.0,4836.07,1.20596,0.133165,0.110422,0.0,0.0,0
FERHAN,10.23981,6.40536,10.23981,1939.54,2473.52,174.006,221.912,4990.82,0.784123,0.305825,0.390022,0.008265,0.0105404,1
WECJAR,5.22485,4.07167,5.22485,816.573,561.019,1.44827,0.995018,1865.41,1.45552,0.041675,0.0286324,0.0,0.0,2
KEXPOU,4.06064,2.7409,4.02482,0.0,0.0,1032.55,770.776,1286.94,1.33962,0.0,0.0,0.026475,0.019763,2
LIRNEH,4.04228,2.51715,4.0368,0.0,0.0,942.736,816.172,6025.17,1.15507,0.0,0.0,0.017545,0.0151895,2
XISVUR,5.04407,3.94718,5.0182,2265.58,1928.64,0.0,0.0,4443.78,1.1747,0.096455,0.0821103,0.0,0.0,0
TECVEE,6.29319,4.18887,6.28368,1437.27,1231.48,0.0,0.0,1965.53,1.16711,0.094745,0.081179,0.0,0.0,0
OYEBIE,4.32919,3.14651,4.32311,962.795,737.477,0.0,0.0,2105.04,1.30552,0.025155,0.0192681,0.0,0.0,0
HIDMEO,3.70259,2.55733,3.46033,0.0,0.0,223.165,146.607,1264.34,1.52219,0.0,0.0,0.003245,0.00213179,4
ACUBAB,6.47918,4.30437,6.24909,1472.91,637.778,0.0,0.0,1622.68,2.30944,0.09567,0.0414256,0.0,0.0,0
TASXIW,7.39302,4.84143,7.39181,2318.35,2095.84,0.0,0.0,3098.68,1.10616,0.20382,0.184258,0.0,0.0,0
QEDZEG,4.67279,4.35368,4.65959,1316.7,1038.62,0.0,0.0,3590.47,1.26775,0.049145,0.0387657,0.0,0.0,0
IRMOF-7,10.76467,4.73734,10.76467,2719.94,3834.46,0.0,0.0,2153.89,0.709341,0.367675,0.518333,0.0,0.0,0
PEVQIS,14.89487,7.78421,14.89379,2250.05,3714.32,0.0,0.0,4220.9,0.605776,0.486555,0.803193,0.0,0.0,0
DAXHIV,7.62222,6.92477,7.62222,2458.07,2786.74,0.0,0.0,1679.41,0.882059,0.245045,0.27781,0.0,0.0,0
MEJQOJ,5.07328,3.68023,5.06179,1611.4,1331.68,0.0,0.0,1765.39,1.21005,0.07185,0.0593777,0.0,0.0,0
UXEHIP,6.08949,4.81637,6.08807,1865.72,1977.91,0.0,0.0,4858.98,0.94328,0.130125,0.13795,0.0,0.0,0
HUTZAX01,5.14597,3.91522,5.14597,773.098,545.829,0.0,0.0,4524.52,1.41637,0.03143,0.0221905,0.0,0.0,0
IBIDAA,10.20779,10.07678,10.20779,1156.64,955.306,0.0,0.0,2901.1,1.21075,0.19939,0.164683,0.0,0.0,0
HUTZEB,3.89243,2.46393,3.88968,0.0,0.0,800.899,583.089,1704.95,1.37355,0.0,0.0,0.019105,0.0139093,4
NIKZAJ,4.56098,3.58427,4.53545,1072.03,591.155,0.0,0.0,1602.94,1.81346,0.036,0.0198516,0.0,0.0,0
NIKYOW02,4.72462,3.68194,4.72462,1169.18,667.531,0.0,0.0,1659.63,1.75151,0.044455,0.025381,0.0,0.0,0
HAFVOB,5.59823,4.10574,5.59823,2183.97,2206.31,0.0,0.0,6165.38,0.989877,0.11026,0.111388,0.0,0.0,0
EBOTOF,3.863,2.42708,3.62414,0.0,0.0,534.083,319.194,1135.07,1.67322,0.0,0.0,0.00903,0.00539677,4
HAJLOU,5.88599,3.5289,5.88599,521.231,383.829,0.0,0.0,2026.84,1.35798,0.028665,0.0211086,0.0,0.0,0
QUPHUF,5.02709,3.72665,4.99488,937.422,734.327,0.0,0.0,2350.52,1.27657,0.042055,0.0329437,0.0,0.0,0
SEFBOV,5.65834,5.15011,5.64688,2885.43,2814.13,0.0,0.0,2480.81,1.02534,0.194235,0.189435,0.0,0.0,0
LIFWOO,4.98366,4.55513,4.98366,1485.61,1379.31,0.0,0.0,4761.8,1.07707,0.076685,0.071198,0.0,0.0,0
SAHYOQ03,15.06405,7.94237,15.06405,2252.89,3807.58,0.0,0.0,4321.43,0.591684,0.49774,0.841226,0.0,0.0,0
KANDIO,6.34814,4.18035,6.34814,1715.75,1470.03,0.0,0.0,2069.43,1.16715,0.095715,0.0820072,0.0,0.0,0
CAHSOU,4.04164,2.77879,4.03629,0.0,0.0,542.162,236.313,2953.05,2.29425,0.0,0.0,0.01163,0.00506919,8
PEPXIS,2.78739,2.47168,2.76127,0.0,0.0,0.0,0.0,1299.36,1.89348,0.0,0.0,0.0,0.0,0
BEPNOB,10.36311,10.23127,10.36311,1509.09,1695.03,44.6794,50.1845,2725.87,0.890303,0.24406,0.274131,0.000165,0.00018533,7
IXURAV,4.71651,3.9269,4.71651,599.469,484.406,456.64,368.992,4462.59,1.23753,0.02356,0.0190379,0.012705,0.0102664,4
YASPEP,3.57848,3.19398,3.5679,549.276,422.366,0.0,0.0,2256.5,1.30047,0.00799,0.00614391,0.0,0.0,0
HIHNUJ,8.1478,7.9546,8.13907,2553.77,3141.19,0.0,0.0,3603.25,0.812993,0.3241,0.39865,0.0,0.0,0
FUTKEL,6.7221,5.39444,6.71379,1892.83,1924.17,0.0,0.0,3266.81,0.983709,0.153845,0.156393,0.0,0.0,0
RUPZIM,3.48373,3.25841,3.48305,400.321,258.338,0.0,0.0,1430.01,1.5496,0.006,0.00387196,0.0,0.0,0
HIFTOG01,15.08334,7.94198,15.08218,2215.71,3792.45,0.0,0.0,4376.47,0.584242,0.502445,0.859994,0.0,0.0,0
LEGGOU,4.37373,2.43151,4.37373,0.0,0.0,558.759,340.904,4423.38,1.63905,0.0,0.0,0.013755,0.00839206,13
COF-300,9.36652,9.26615,9.36652,2332.9,4278.05,33.1803,60.8456,3512.21,0.545319,0.301715,0.553282,0.00026,0.000476785,2
XEXMEU,9.62722,8.85338,9.62722,1609.76,1526.45,0.0,0.0,2681.05,1.05458,0.232715,0.220671,0.0,0.0,0
WIYFAM,9.09166,6.13483,9.09166,2517.57,3170.23,0.0,0.0,3421.5,0.794129,0.300175,0.377993,0.0,0.0,0
XEQGEH,4.49557,3.9493,4.49165,1006.79,875.797,17.494,15.2178,3946.64,1.14958,0.03498,0.0304286,0.000125,0.000108736,6
MAPFOY,4.52682,3.38698,4.51576,921.908,740.265,0.0,0.0,3884.66,1.24538,0.029485,0.0236756,0.0,0.0,0
SENWAL,8.65122,7.37341,8.63714,2397.53,3275.92,0.0,0.0,3066.64,0.731865,0.445155,0.608247,0.0,0.0,0
NIKZAJ02,4.67382,3.68928,4.66396,1159.73,656.573,0.0,0.0,1645.7,1.76633,0.04328,0.0245027,0.0,0.0,0
EGEJIK,10.26084,8.70015,10.22633,2380.15,3497.33,0.0,0.0,4871.13,0.680562,0.363095,0.533522,0.0,0.0,0
ATOWOW,9.60606,7.73922,9.60387,2061.44,2381.8,0.0,0.0,2137.86,0.865497,0.286225,0.330706,0.0,0.0,0
MOF-69,7.05898,5.83044,7.05683,1837.09,1454.25,0.0,0.0,4404.19,1.26326,0.17349,0.137335,0.0,0.0,0
REFTUT,6.62287,5.81813,6.60232,887.57,616.161,0.0,0.0,3247.48,1.44048,0.068145,0.0473071,0.0,0.0,0
TATPOV,8.94506,6.39643,8.9366,2350.99,2520.85,0.0,0.0,7037.11,0.932619,0.261015,0.279873,0.0,0.0,0
FIPWOS,5.20561,3.82141,5.20561,1270.13,984.424,0.0,0.0,745.463,1.29023,0.05366,0.0415895,0.0,0.0,0
HEBZAR,7.80014,3.25092,7.7995,1467.46,855.615,0.0,0.0,5165.47,1.7151,0.10196,0.0594486,0.0,0.0,0
NIKYUC01,4.94759,3.68791,4.94354,1250.89,730.812,0.0,0.0,1698.28,1.71164,0.05167,0.0301874,0.0,0.0,0
SENWIT,8.52908,6.49629,8.43809,2553.45,3259.92,0.0,0.0,2865.33,0.783284,0.40699,0.519594,0.0,0.0,0
DEJCEB,4.6846,2.81125,4.66897,1523.64,1187.14,0.0,0.0,5590.16,1.28345,0.05723,0.0445906,0.0,0.0,0
MATTUX,6.25712,5.16476,6.25712,1958.01,1830.94,0.0,0.0,2221.45,1.06941,0.125545,0.117397,0.0,0.0,0
YARKAF,4.78127,3.38887,4.78127,658.146,495.031,39.5599,29.7554,3743.76,1.32951,0.022595,0.016995,0.00052,0.000391123,6
RAJFAL,3.99252,2.95999,3.97563,975.628,735.99,0.0,0.0,935.388,1.3256,0.015765,0.0118927,0.0,0.0,0
IYUJAO,6.23359,4.26512,6.23359,1304.0,933.424,83.7177,59.9265,4183.19,1.39701,0.091475,0.0654793,0.001645,0.00117752,1
REYBAA,4.19945,3.50951,4.19839,879.867,680.256,0.0,0.0,2468.92,1.29344,0.02694,0.0208283,0.0,0.0,0
